0.025712320042173338
0.26251586116870007
0.025712320042173383
0.2625158611687002
0.04120307384460674
0.24198095026427519
0.04120307384460673
0.24198095026427519
0.033299577681078954
0.0889191829275331
0.03329957768107894
0.08891918292753312
0.008693963249182875
0.016476862854106156
0.00869396324918287
0.016476862854106145
0.001250469896875381
0.001955472591063243
0.0012504698968753818
0.001955472591063244
0.0012504698968753827
0.0019554725910632433
0.0012504698968753831
0.001955472591063243
0.008693963249182875
0.01647686285410615
0.008693963249182875
0.016476862854106142
0.033299577681078954
0.08891918292753306
0.033299577681078954
0.08891918292753312
0.04120307384460673
0.24198095026427502
0.04120307384460671
0.24198095026427519
0.02571232004217342
0.2625158611687002
0.02571232004217336
0.2625158611687
0.048155970286141485
0.23489033537428808
0.04815597028614173
0.2348903353742876
0.027542417000531172
0.1588647927430788
0.027542417000531172
0.15886479274307885
0.007887907825594067
0.14173338306413943
0.007887907825594065
0.14173338306413946
0.014769299032133936
0.21094439263291864
0.014769299032133948
0.2109443926329186
0.04090882257942058
0.21011666701834636
0.04090882257942059
0.21011666701834641
0.04090882257942058
0.21011666701834636
0.040908822579420585
0.2101166670183463
0.014769299032133934
0.2109443926329187
0.014769299032133948
0.2109443926329185
0.007887907825594054
0.14173338306413952
0.007887907825594053
0.1417333830641395
0.02754241700053114
0.15886479274307905
0.02754241700053115
0.15886479274307894
0.04815597028614151
0.23489033537428788
0.04815597028614156
0.2348903353742871
0.058306287063104555
0.2561356854074827
0.05830628706310467
0.2561356854074825
0.028725134307131056
0.23772087724524796
0.028725134307131063
0.23772087724524787
0.02043515452698648
0.27383137323557327
0.02043515452698649
0.2738313732355732
0.019426606191233223
0.299580126711084
0.019426606191233247
0.299580126711084
0.008942414095137949
0.2305852642899784
0.008942414095137952
0.2305852642899783
0.008942414095137949
0.23058526428997853
0.008942414095137954
0.2305852642899784
0.01942660619123318
0.29958012671108414
0.019426606191233195
0.2995801267110841
0.020435154526986465
0.2738313732355731
0.02043515452698652
0.27383137323557316
0.028725134307131063
0.23772087724524799
0.028725134307131077
0.23772087724524799
0.058306287063104784
0.256135685407483
0.05830628706310445
0.2561356854074828
0.07362427460859601
0.35802589383487937
0.07362427460859597
0.3580258938348797
0.016130856299823672
0.3556625366894136
0.016130856299823672
0.3556625366894137
0.00945940732214654
0.2455143327276626
0.009459407322146542
0.2455143327276626
0.009223578272824728
0.2512499374958852
0.009223578272824716
0.2512499374958851
0.005308919618337566
0.2774496630713771
0.005308919618337561
0.2774496630713771
0.005308919618337568
0.2774496630713772
0.005308919618337571
0.2774496630713771
0.009223578272824738
0.2512499374958851
0.009223578272824731
0.25124993749588515
0.00945940732214654
0.24551433272766265
0.009459407322146545
0.2455143327276627
0.01613085629982372
0.3556625366894136
0.016130856299823755
0.3556625366894136
0.07362427460859605
0.35802589383487937
0.07362427460859584
0.3580258938348796
0.07400822140475419
0.32543671649119166
0.07400822140475388
0.32543671649119144
0.016799559325261684
0.41500078772492544
0.016799559325261674
0.4150007877249252
0.012441330698158302
0.36114355966167405
0.012441330698158275
0.3611435596616741
0.0194035823728617
0.28883172608828056
0.01940358237286169
0.28883172608828056
0.0020501593167076802
0.304421879408619
0.0020501593167076802
0.30442187940861903
0.002050159316707683
0.304421879408619
0.0020501593167076763
0.304421879408619
0.019403582372861713
0.28883172608828056
0.01940358237286171
0.28883172608828045
0.012441330698158285
0.36114355966167405
0.012441330698158292
0.36114355966167416
0.016799559325261712
0.4150007877249254
0.016799559325261677
0.4150007877249253
0.074008221404754
0.3254367164911913
0.07400822140475387
0.32543671649119144
0.06977418378341281
0.32310005247987106
0.06977418378341244
0.32310005247987106
0.022885836428405748
0.39889688606953944
0.022885836428405748
0.3988968860695393
0.005719794786523133
0.394749643074345
0.005719794786523135
0.394749643074345
0.0046135007486519716
0.3827845631729011
0.004613500748651976
0.3827845631729012
0.024685134582950033
0.3987881416163298
0.024685134582950036
0.39878814161633
0.02468513458295003
0.3987881416163299
0.024685134582950026
0.39878814161633
0.004613500748651977
0.3827845631729011
0.00461350074865197
0.382784563172901
0.005719794786523135
0.3947496430743451
0.005719794786523133
0.394749643074345
0.022885836428405734
0.39889688606953927
0.022885836428405734
0.3988968860695393
0.06977418378341256
0.32310005247987117
0.06977418378341271
0.32310005247987084
0.08783202747899255
0.35876879403054174
0.08783202747899255
0.35876879403054207
0.024727513154511337
0.44538323578568517
0.024727513154511348
0.44538323578568506
0.009810631959724876
0.44114966609907763
0.009810631959724921
0.44114966609907785
0.011967687026459374
0.4096529365956524
0.011967687026459378
0.4096529365956524
0.005910867277807773
0.393318984658952
0.005910867277807784
0.393318984658952
0.005910867277807773
0.3933189846589522
0.005910867277807786
0.393318984658952
0.011967687026459364
0.4096529365956524
0.011967687026459391
0.4096529365956525
0.009810631959724904
0.4411496660990776
0.009810631959724921
0.4411496660990776
0.02472751315451136
0.44538323578568517
0.02472751315451136
0.4453832357856853
0.08783202747899255
0.35876879403054185
0.08783202747899257
0.35876879403054185
0.08594004370904199
0.4058373742331903
0.08594004370904193
0.4058373742331902
0.01704047374951794
0.5138664769167465
0.017040473749517948
0.5138664769167464
0.016176483229606742
0.4443694343669605
0.016176483229606756
0.44436943436696064
0.002529012881306175
0.3889619359328944
0.002529012881306198
0.38896193593289474
0.0050950401320606084
0.398825544100482
0.005095040132060609
0.3988255441004818
0.005095040132060615
0.398825544100482
0.005095040132060619
0.3988255441004818
0.002529012881306175
0.38896193593289474
0.0025290128813061823
0.3889619359328947
0.016176483229606756
0.4443694343669604
0.016176483229606756
0.4443694343669605
0.01704047374951794
0.5138664769167465
0.017040473749517927
0.5138664769167465
0.08594004370904196
0.40583737423319033
0.08594004370904194
0.4058373742331902
0.0752754608053477
0.38664596476957835
0.07527546080534761
0.3866459647695787
0.015937941856255647
0.503979870922297
0.015937941856255643
0.5039798709222969
0.015874560583737853
0.49190485487771274
0.015874560583737853
0.49190485487771285
0.007718834085154648
0.42762378421562186
0.007718834085154616
0.42762378421562164
0.008629543437330965
0.4451856308710642
0.008629543437330973
0.4451856308710642
0.008629543437330968
0.44518563087106416
0.008629543437330961
0.44518563087106416
0.007718834085154629
0.4276237842156218
0.007718834085154632
0.4276237842156218
0.01587456058373784
0.49190485487771296
0.015874560583737825
0.4919048548777126
0.0159379418562556
0.5039798709222971
0.01593794185625562
0.5039798709222969
0.07527546080534758
0.3866459647695785
0.07527546080534767
0.38664596476957824
0.0779531012352449
0.39151593861883494
0.07795310123524488
0.3915159386188348
0.018021525146301863
0.49785605438946756
0.018021525146301873
0.4978560543894679
0.010298616921304057
0.477445372473557
0.010298616921304057
0.4774453724735572
0.015466659781804726
0.5437009381778909
0.015466659781804757
0.5437009381778911
0.008133443966218285
0.46841427650546125
0.008133443966218293
0.46841427650546147
0.008133443966218316
0.46841427650546136
0.00813344396621828
0.4684142765054613
0.015466659781804778
0.5437009381778909
0.015466659781804773
0.5437009381778912
0.010298616921304043
0.4774453724735571
0.010298616921304057
0.47744537247355723
0.01802152514630189
0.49785605438946756
0.018021525146301842
0.4978560543894675
0.07795310123524478
0.391515938618835
0.07795310123524485
0.3915159386188349
0.08126952634781967
0.40245383864160866
0.08126952634781964
0.4024538386416089
0.0277745385588897
0.5690194471785848
0.027774538558889728
0.5690194471785847
0.009632933830833489
0.5352550886913585
0.009632933830833487
0.5352550886913585
0.005451099638375204
0.47590805336425307
0.005451099638375192
0.47590805336425335
0.0058689225621585284
0.4861562356234681
0.0058689225621585215
0.486156235623468
0.00586892256215852
0.486156235623468
0.0058689225621585345
0.4861562356234681
0.005451099638375187
0.4759080533642531
0.005451099638375197
0.47590805336425324
0.009632933830833499
0.5352550886913586
0.009632933830833516
0.5352550886913585
0.027774538558889714
0.5690194471785847
0.027774538558889724
0.5690194471785848
0.0812695263478196
0.40245383864160866
0.0812695263478195
0.40245383864160866
0.10470595272339345
0.4473600670562362
0.10470595272339321
0.4473600670562362
0.014737011209467375
0.5675353244033703
0.014737011209467365
0.5675353244033701
0.006464061459051796
0.5190750173736769
0.006464061459051826
0.5190750173736768
0.0028697270702905276
0.49282351091333404
0.0028697270702905415
0.4928235109133342
0.009582907559795332
0.4862697579692359
0.009582907559795337
0.48626975796923577
0.009582907559795371
0.48626975796923594
0.009582907559795344
0.4862697579692359
0.0028697270702905467
0.49282351091333415
0.002869727070290563
0.492823510913334
0.006464061459051821
0.5190750173736769
0.006464061459051805
0.5190750173736769
0.014737011209467401
0.5675353244033701
0.01473701120946739
0.5675353244033698
0.10470595272339336
0.4473600670562362
0.1047059527233935
0.44736006705623593
0.08368280527129193
0.43478887501947544
0.08368280527129175
0.43478887501947555
0.017328828866637707
0.5714531830888987
0.017328828866637697
0.5714531830888989
0.009796185019692979
0.5487906545037251
0.009796185019692955
0.5487906545037253
0.0038731669738182716
0.4999378963789768
0.0038731669738182872
0.4999378963789767
0.012075939504266532
0.5393389459856768
0.012075939504266539
0.539338945985677
0.012075939504266553
0.5393389459856771
0.01207593950426655
0.539338945985677
0.003873166973818268
0.499937896378977
0.0038731669738182655
0.4999378963789767
0.00979618501969299
0.5487906545037251
0.009796185019692979
0.5487906545037251
0.017328828866637717
0.5714531830888987
0.017328828866637735
0.5714531830888989
0.08368280527129177
0.4347888750194756
0.08368280527129188
0.4347888750194754
0.08450322167194718
0.43439796659060415
0.084503221671947
0.434397966590604
0.015562206917439016
0.5710357603322667
0.015562206917439024
0.5710357603322667
0.006336604190368758
0.5514487229759215
0.006336604190368753
0.5514487229759216
0.020045384914328446
0.5955080186774026
0.02004538491432844
0.5955080186774027
0.003401499957593976
0.5350329609778062
0.0034014999575939786
0.5350329609778064
0.0034014999575939695
0.5350329609778063
0.0034014999575939617
0.5350329609778063
0.020045384914328446
0.5955080186774026
0.020045384914328467
0.5955080186774024
0.0063366041903687425
0.5514487229759215
0.00633660419036874
0.5514487229759218
0.01556220691743901
0.5710357603322667
0.015562206917439007
0.5710357603322671
0.0845032216719471
0.4343979665906042
0.08450322167194702
0.43439796659060403
0.08747289818436829
0.4609238081829823
0.08747289818436829
0.4609238081829825
0.016015444519552023
0.575091736359518
0.016015444519552006
0.5750917363595183
0.006263505691729806
0.576071948104568
0.006263505691729813
0.5760719481045679
0.008992909211827396
0.5568692941477953
0.008992909211827382
0.5568692941477951
0.00839691440568507
0.5677312523118391
0.00839691440568506
0.567731252311839
0.008396914405685048
0.567731252311839
0.008396914405685052
0.5677312523118391
0.008992909211827379
0.5568692941477955
0.008992909211827375
0.5568692941477955
0.006263505691729773
0.5760719481045681
0.006263505691729803
0.5760719481045679
0.016015444519551995
0.575091736359518
0.016015444519552016
0.5750917363595183
0.08747289818436811
0.46092380818298273
0.08747289818436818
0.4609238081829826
0.08285530846411804
0.45396318722382156
0.08285530846411807
0.453963187223822
0.02071462343015372
0.6245079053089642
0.020714623430153678
0.6245079053089642
0.015998580570993032
0.5987504935709915
0.01599858057099303
0.5987504935709915
0.0018006498332918907
0.5539463761183844
0.001800649833291897
0.5539463761183845
0.006025072049876573
0.5558767716799886
0.006025072049876564
0.5558767716799888
0.006025072049876568
0.5558767716799888
0.0060250720498765745
0.5558767716799886
0.0018006498332918525
0.5539463761183845
0.0018006498332918685
0.5539463761183846
0.01599858057099301
0.5987504935709915
0.015998580570993
0.5987504935709916
0.020714623430153675
0.6245079053089643
0.020714623430153664
0.6245079053089642
0.08285530846411793
0.45396318722382173
0.0828553084641179
0.453963187223822
0.08808044025576148
0.47948516589205586
0.08808044025576114
0.47948516589205603
0.015615709130154495
0.590609544381058
0.015615709130154545
0.5906095443810582
0.007686377520429891
0.6042552406739037
0.007686377520429856
0.6042552406739036
0.005107595398483026
0.5864575493767782
0.0051075953984829735
0.5864575493767782
0.009832119435317577
0.5854677546340534
0.009832119435317577
0.5854677546340536
0.009832119435317564
0.5854677546340534
0.00983211943531755
0.5854677546340536
0.005107595398483001
0.5864575493767783
0.005107595398482986
0.5864575493767783
0.007686377520429881
0.6042552406739037
0.007686377520429862
0.6042552406739037
0.0156157091301545
0.5906095443810582
0.015615709130154497
0.5906095443810582
0.0880804402557612
0.4794851658920559
0.08808044025576123
0.4794851658920557
0.0905730167372341
0.48372021907474533
0.09057301673723325
0.48372021907474505
0.023641432505806602
0.64111548680298
0.023641432505806588
0.6411154868029799
0.005719853874828617
0.5994196649387865
0.005719853874828599
0.5994196649387864
0.007619906257489997
0.600386326345358
0.007619906257490013
0.6003863263453577
0.0015059417518459425
0.5939916741040914
0.0015059417518459427
0.5939916741040911
0.0015059417518459837
0.5939916741040915
0.0015059417518459629
0.5939916741040909
0.007619906257489994
0.6003863263453579
0.0076199062574900025
0.6003863263453577
0.005719853874828591
0.5994196649387866
0.005719853874828627
0.5994196649387864
0.023641432505806612
0.6411154868029801
0.023641432505806612
0.6411154868029798
0.09057301673723353
0.4837202190747451
0.09057301673723366
0.48372021907474494
0.0920849869394271
0.5205833247974974
0.09208498693942584
0.5205833247974969
0.013433213317888812
0.6211308698242655
0.01343321331788884
0.6211308698242652
0.004337624660232294
0.5999745522046236
0.004337624660232306
0.5999745522046237
0.0032901334271638796
0.6049239503616048
0.0032901334271638657
0.6049239503616048
0.00416974507797129
0.5896815906766656
0.0041697450779713124
0.5896815906766656
0.004169745077971283
0.5896815906766655
0.004169745077971287
0.5896815906766658
0.0032901334271638965
0.6049239503616051
0.0032901334271639095
0.6049239503616047
0.004337624660232306
0.5999745522046234
0.004337624660232339
0.5999745522046235
0.013433213317888833
0.6211308698242656
0.013433213317888867
0.621130869824265
0.09208498693942627
0.5205833247974969
0.09208498693942638
0.5205833247974971
0.08736581278168101
0.5088422070503449
0.08736581278167996
0.5088422070503453
0.017502430074234722
0.6548290321305794
0.017502430074234666
0.6548290321305794
0.01588577022691643
0.6229744277150766
0.015885770226916413
0.6229744277150766
0.004222250464172091
0.6072333417400968
0.004222250464172085
0.6072333417400968
0.0021661374974935987
0.5888088809606407
0.00216613749749361
0.5888088809606407
0.0021661374974935674
0.5888088809606404
0.002166137497493575
0.5888088809606404
0.004222250464172125
0.6072333417400966
0.004222250464172142
0.607233341740097
0.015885770226916413
0.6229744277150765
0.01588577022691645
0.6229744277150769
0.017502430074234705
0.6548290321305792
0.017502430074234684
0.6548290321305794
0.08736581278168032
0.5088422070503442
0.08736581278168036
0.5088422070503454
0.08325318976900545
0.5004688789116036
0.08325318976900464
0.5004688789116042
0.013980974236861121
0.6372484243880657
0.013980974236861062
0.6372484243880658
0.007470813503612899
0.6446352659320336
0.0074708135036128595
0.644635265932034
0.007372979131043475
0.6324598862069826
0.007372979131043478
0.6324598862069828
0.014942727897792881
0.6303429672018006
0.014942727897792869
0.6303429672018009
0.014942727897792885
0.6303429672018006
0.014942727897792895
0.6303429672018008
0.007372979131043475
0.6324598862069828
0.007372979131043447
0.6324598862069827
0.0074708135036128534
0.6446352659320337
0.007470813503612861
0.6446352659320336
0.013980974236861118
0.6372484243880656
0.013980974236861126
0.6372484243880656
0.08325318976900503
0.5004688789116036
0.08325318976900506
0.5004688789116044
0.0832683794018394
0.5026044169140367
0.08326837940183951
0.5026044169140365
0.017046216928005144
0.6457108626804662
0.01704621692800514
0.645710862680466
0.004993779771780421
0.632855892799198
0.004993779771780417
0.6328558927991975
0.014982901666366802
0.6562484349850045
0.014982901666366805
0.6562484349850044
0.005666691785242569
0.6562134381200785
0.005666691785242577
0.6562134381200782
0.00566669178524257
0.6562134381200786
0.00566669178524258
0.6562134381200779
0.014982901666366826
0.6562484349850044
0.014982901666366837
0.6562484349850044
0.004993779771780409
0.6328558927991978
0.004993779771780411
0.6328558927991975
0.01704621692800512
0.6457108626804661
0.017046216928005103
0.6457108626804664
0.08326837940183968
0.5026044169140369
0.08326837940183955
0.5026044169140368
0.09044892067730094
0.5265820522329885
0.09044892067730165
0.5265820522329887
0.018907910587126348
0.6681343162070899
0.018907910587126372
0.6681343162070892
0.006302756767637675
0.6524772935261884
0.006302756767637701
0.6524772935261887
0.0018717240978667021
0.6445418326055553
0.0018717240978667338
0.6445418326055552
0.0036534349088411773
0.6310094442945271
0.003653434908841231
0.6310094442945269
0.003653434908841208
0.6310094442945269
0.003653434908841237
0.6310094442945269
0.0018717240978666882
0.6445418326055554
0.0018717240978666921
0.6445418326055554
0.006302756767637669
0.6524772935261887
0.006302756767637673
0.6524772935261886
0.018907910587126354
0.6681343162070894
0.018907910587126365
0.6681343162070892
0.0904489206773014
0.5265820522329894
0.09044892067730131
0.5265820522329883
0.09149669320731624
0.5586295595232664
0.09149669320731595
0.5586295595232668
0.015412738027557157
0.6539092343059196
0.015412738027557254
0.6539092343059193
0.003953205191664253
0.6413192956325315
0.003953205191664281
0.6413192956325315
0.0039675537239938965
0.6448520229101589
0.00396755372399395
0.6448520229101589
0.0026869908274570757
0.6373531380902676
0.0026869908274570866
0.637353138090268
0.002686990827457089
0.6373531380902677
0.002686990827457099
0.6373531380902682
0.003967553723993905
0.6448520229101589
0.003967553723993886
0.644852022910159
0.0039532051916642535
0.6413192956325311
0.003953205191664255
0.6413192956325315
0.015412738027557202
0.6539092343059193
0.015412738027557198
0.6539092343059194
0.0914966932073161
0.5586295595232664
0.09149669320731604
0.558629559523267
0.08707801111315944
0.5506618399559802
0.08707801111315548
0.5506618399559802
0.018082001134211413
0.6721792462443597
0.018082001134211507
0.6721792462443592
0.008156806504009755
0.6649665973394993
0.00815680650400974
0.6649665973394989
0.003192232099799649
0.64769832295606
0.00319223209979961
0.6476983229560606
0.008240457620570532
0.6641319314880452
0.008240457620570504
0.664131931488045
0.008240457620570523
0.6641319314880448
0.008240457620570516
0.664131931488045
0.003192232099799651
0.64769832295606
0.003192232099799636
0.6476983229560601
0.008156806504009783
0.6649665973394989
0.008156806504009753
0.6649665973394991
0.0180820011342115
0.6721792462443594
0.01808200113421146
0.6721792462443595
0.08707801111315708
0.5506618399559783
0.08707801111315758
0.5506618399559822
0.08294691056477155
0.5339110217608758
0.08294691056476333
0.5339110217608758
0.01897953374328149
0.6795225971262147
0.018979533743281523
0.6795225971262147
0.009082276627043858
0.6748138806247717
0.009082276627043868
0.6748138806247717
0.008473969323117678
0.6734094480330157
0.00847396932311767
0.6734094480330157
0.005322155768517483
0.6797159187153372
0.0053221557685174566
0.679715918715337
0.005322155768517484
0.6797159187153374
0.0053221557685174965
0.6797159187153371
0.008473969323117666
0.6734094480330157
0.008473969323117635
0.6734094480330157
0.00908227662704392
0.6748138806247717
0.009082276627043896
0.6748138806247718
0.018979533743281554
0.6795225971262149
0.01897953374328155
0.6795225971262143
0.08294691056476702
0.5339110217608732
0.08294691056476786
0.5339110217608781
0.09337212177407814
0.5583742539647233
0.09337212177406742
0.5583742539647238
0.014738811311365778
0.6876967119901758
0.014738811311365575
0.687696711990176
0.008508956182323467
0.6718111327425076
0.008508956182323443
0.6718111327425076
0.004619935686760052
0.689827192644251
0.0046199356867600684
0.6898271926442511
0.0032988401063357466
0.66234162861564
0.0032988401063357596
0.66234162861564
0.003298840106335753
0.6623416286156405
0.0032988401063357682
0.6623416286156396
0.0046199356867600875
0.6898271926442507
0.0046199356867600745
0.6898271926442507
0.008508956182323422
0.6718111327425078
0.008508956182323491
0.6718111327425074
0.014738811311365655
0.6876967119901759
0.014738811311365705
0.6876967119901762
0.0933721217740724
0.5583742539647244
0.09337212177407314
0.5583742539647225
0.0914089066337237
0.5774151289492413
0.09140890663371631
0.5774151289492415
0.016352495732230563
0.6891190632552775
0.01635249573223007
0.6891190632552779
0.008265359153897145
0.6815340751370775
0.008265359153897141
0.6815340751370775
0.0024227255016242323
0.6714148551100463
0.0024227255016241907
0.6714148551100468
0.0010738493457838106
0.6643747198002212
0.0010738493457838091
0.6643747198002219
0.001073849345783774
0.6643747198002219
0.0010738493457837816
0.6643747198002216
0.0024227255016242067
0.6714148551100465
0.0024227255016242228
0.6714148551100465
0.008265359153897157
0.6815340751370774
0.008265359153897176
0.6815340751370775
0.01635249573223025
0.6891190632552779
0.01635249573223036
0.6891190632552776
0.09140890663372
0.5774151289492488
0.09140890663372031
0.5774151289492341
0.09187007202008467
0.5842240415622781
0.09187007202008861
0.584224041562277
0.013614423130471221
0.6889771023954842
0.013614423130470543
0.6889771023954837
0.005933260910112575
0.686469462035825
0.005933260910112561
0.6864694620358248
0.006981859790276237
0.6954861356593591
0.006981859790276249
0.6954861356593589
0.0034027998027084056
0.6704804227216797
0.0034027998027083978
0.6704804227216794
0.0034027998027083813
0.6704804227216795
0.003402799802708376
0.6704804227216792
0.006981859790276282
0.6954861356593594
0.006981859790276273
0.6954861356593591
0.005933260910112604
0.6864694620358254
0.005933260910112578
0.6864694620358252
0.013614423130470864
0.6889771023954843
0.013614423130470905
0.6889771023954836
0.09187007202008739
0.5842240415622866
0.09187007202008582
0.5842240415622686
0.0846853762891939
0.5696286442722558
0.08468537628921269
0.5696286442722539
0.021833155156302516
0.7092218129500534
0.021833155156302096
0.7092218129500534
0.0045065626970002635
0.6909708558846436
0.004506562697000205
0.6909708558846437
0.0023043940388169266
0.6859882514001812
0.0023043940388169123
0.6859882514001809
0.009232385568874544
0.7073807748839784
0.00923238556887454
0.7073807748839784
0.00923238556887454
0.7073807748839787
0.009232385568874527
0.7073807748839784
0.0023043940388169717
0.6859882514001813
0.002304394038816948
0.6859882514001809
0.004506562697000217
0.6909708558846435
0.004506562697000201
0.6909708558846437
0.021833155156302332
0.7092218129500538
0.021833155156302346
0.7092218129500529
0.08468537628920449
0.5696286442722555
0.0846853762892018
0.5696286442722545
0.09116956780702877
0.5839736705865984
0.09116956780705213
0.583973670586599
0.014954313075112512
0.7097610589133545
0.014954313075112798
0.7097610589133546
0.003459700482694079
0.684640400270007
0.003459700482694081
0.6846404002700069
0.0057859402476775085
0.7085001415298802
0.0057859402476775285
0.7085001415298808
0.0066300546979963
0.6996568047170336
0.006630054697996296
0.6996568047170335
0.006630054697996322
0.6996568047170331
0.0066300546979963446
0.6996568047170337
0.00578594024767747
0.7085001415298807
0.005785940247677484
0.708500141529881
0.003459700482694045
0.6846404002700069
0.0034597004826940527
0.684640400270007
0.014954313075112639
0.7097610589133545
0.014954313075112618
0.7097610589133543
0.0911695678070415
0.5839736705865866
0.09116956780703922
0.5839736705866112
0.08696699686614501
0.5989765910250913
0.08696699686615009
0.5989765910250948
0.014599467543091327
0.7006347434476714
0.014599467543092392
0.7006347434476714
0.00894842238496249
0.7056963652358508
0.008948422384962518
0.7056963652358503
0.005928928204553459
0.6957216452581745
0.005928928204553481
0.6957216452581749
0.0015127977952542197
0.7022894280491965
0.0015127977952542264
0.7022894280491965
0.001512797795254239
0.7022894280491965
0.0015127977952542507
0.7022894280491965
0.005928928204553458
0.6957216452581749
0.005928928204553449
0.6957216452581749
0.008948422384962485
0.7056963652358507
0.008948422384962488
0.7056963652358508
0.014599467543091882
0.7006347434476705
0.014599467543091778
0.7006347434476721
0.08696699686614728
0.598976591025083
0.08696699686614774
0.5989765910251026
0.08948381424161496
0.5976174937230503
0.08948381424157681
0.5976174937230541
0.014095430463373786
0.7094259834860849
0.014095430463374841
0.7094259834860843
0.006604671635490325
0.718327432521894
0.006604671635490349
0.7183274325218937
0.006495152100544271
0.7150174401378468
0.006495152100544242
0.7150174401378471
0.00416137912634881
0.7014764937376556
0.0041613791263487715
0.7014764937376556
0.0041613791263488105
0.7014764937376552
0.00416137912634881
0.7014764937376554
0.006495152100544237
0.7150174401378471
0.0064951521005442315
0.7150174401378471
0.0066046716354903655
0.7183274325218938
0.006604671635490287
0.7183274325218936
0.01409543046337436
0.7094259834860843
0.014095430463374251
0.7094259834860852
0.08948381424159343
0.5976174937230708
0.08948381424159822
0.5976174937230335
0.08937716786558256
0.602310509425158
0.08937716786550154
0.602310509425154
0.015620764545083772
0.704182115788005
0.015620764545083416
0.7041821157880053
0.005273956478577858
0.7066435360080943
0.005273956478577926
0.7066435360080946
0.0051684652430701965
0.7278649582859255
0.005168465243070209
0.7278649582859249
0.006382027273586794
0.7289943044771809
0.006382027273586772
0.7289943044771809
0.00638202727358677
0.728994304477181
0.006382027273586775
0.7289943044771809
0.005168465243070178
0.7278649582859258
0.005168465243070178
0.7278649582859253
0.00527395647857792
0.706643536008094
0.005273956478577881
0.7066435360080945
0.015620764545083484
0.7041821157880056
0.015620764545083626
0.7041821157880042
0.08937716786553845
0.6023105094251988
0.08937716786554592
0.6023105094251129
0.0865286319232799
0.5965951930615909
0.08652863192320331
0.5965951930615774
0.020730582193840996
0.7388231177931329
0.020730582193837797
0.738823117793133
0.00853183888841846
0.7218079464215699
0.008531838888418557
0.7218079464215705
0.0017269779268279848
0.7231637352635095
0.0017269779268279978
0.7231637352635096
0.0020917825058901136
0.7167180209675685
0.0020917825058901114
0.7167180209675681
0.002091782505890075
0.7167180209675683
0.0020917825058900654
0.7167180209675685
0.0017269779268280381
0.7231637352635099
0.0017269779268280533
0.7231637352635096
0.008531838888418512
0.7218079464215702
0.008531838888418533
0.7218079464215699
0.02073058219383917
0.7388231177931356
0.020730582193839626
0.738823117793131
0.08652863192324003
0.5965951930615938
0.08652863192324348
0.5965951930615734
0.10020044926937813
0.6352278450194023
0.10020044926939344
0.6352278450193929
0.013739477589590945
0.7232733673492062
0.013739477589584945
0.7232733673492053
0.004154664702528718
0.7209249251460144
0.004154664702528735
0.7209249251460146
0.0009557297252541423
0.7164746341389949
0.0009557297252541445
0.7164746341389947
0.002972765641968425
0.7179843367231149
0.002972765641968452
0.717984336723115
0.0029727656419684394
0.7179843367231151
0.0029727656419684507
0.7179843367231152
0.0009557297252541169
0.7164746341389949
0.0009557297252541441
0.7164746341389946
0.004154664702528722
0.7209249251460139
0.004154664702528728
0.7209249251460144
0.01373947758958766
0.7232733673492084
0.01373947758958827
0.7232733673492034
0.10020044926939028
0.6352278450193093
0.10020044926938118
0.6352278450194864
0.09253031179924473
0.6366502218974025
0.09253031179942725
0.6366502218974178
0.017090016555322208
0.7365670466126459
0.01709001655531632
0.7365670466126446
0.006047105756490472
0.7213563506135552
0.006047105756490293
0.7213563506135555
0.002554159146110068
0.7189048482519869
0.0025541591461100558
0.7189048482519869
0.0009426019331180409
0.7227351941804973
0.0009426019331180216
0.7227351941804971
0.0009426019331179843
0.7227351941804968
0.0009426019331179884
0.7227351941804969
0.0025541591461100766
0.7189048482519866
0.0025541591461100788
0.7189048482519869
0.00604710575649037
0.7213563506135556
0.006047105756490408
0.7213563506135554
0.01709001655531905
0.7365670466126435
0.017090016555319436
0.7365670466126468
0.0925303117993489
0.6366502218972583
0.0925303117993228
0.6366502218975622
0.08756557273795634
0.6279968618769354
0.08756557273827807
0.6279968618769703
0.01437388322102941
0.7338454617693868
0.014373883221028779
0.7338454617693871
0.0057035655621016
0.7301045671163249
0.005703565562101353
0.7301045671163247
0.006531357829303996
0.7454792182858049
0.0065313578293039656
0.7454792182858045
0.0037484403782357617
0.7236368523087526
0.0037484403782357496
0.7236368523087526
0.003748440378235742
0.7236368523087521
0.003748440378235714
0.7236368523087522
0.006531357829303971
0.7454792182858045
0.006531357829303974
0.745479218285805
0.005703565562101481
0.7301045671163255
0.005703565562101485
0.7301045671163253
0.014373883221029279
0.7338454617693805
0.014373883221028907
0.7338454617693931
0.08756557273813395
0.6279968618769118
0.08756557273810037
0.6279968618769934
0.08514415964764596
0.6236397802581127
0.08514415964792549
0.6236397802581253
0.015304519350307744
0.7393430081130317
0.015304519350316174
0.7393430081130328
0.00649742246394555
0.7325994805960447
0.006497422463945338
0.7325994805960447
0.007338490362974883
0.7481881543813376
0.007338490362974863
0.7481881543813373
0.005151762295115102
0.7399923928527975
0.005151762295115098
0.7399923928527972
0.005151762295115136
0.7399923928527972
0.005151762295115157
0.7399923928527969
0.0073384903629747904
0.7481881543813373
0.007338490362974851
0.7481881543813376
0.006497422463945419
0.7325994805960441
0.00649742246394546
0.7325994805960448
0.01530451935031259
0.7393430081130272
0.015304519350311324
0.7393430081130378
0.08514415964779509
0.6236397802583298
0.08514415964777633
0.6236397802579089
0.08934989356172399
0.6291176442130362
0.08934989356167605
0.6291176442129827
0.014318645482953014
0.7435794419589579
0.014318645482968361
0.7435794419589589
0.006340170852631312
0.7481899499079503
0.006340170852631385
0.748189949907951
0.0018678418957929475
0.7375949105262076
0.001867841895792992
0.7375949105262075
0.007607544891953819
0.7484237518870254
0.007607544891953807
0.7484237518870258
0.007607544891953829
0.748423751887026
0.007607544891953832
0.7484237518870256
0.0018678418957929809
0.7375949105262072
0.0018678418957929596
0.7375949105262074
0.006340170852631353
0.7481899499079503
0.00634017085263134
0.7481899499079503
0.014318645482961481
0.7435794419589639
0.014318645482959911
0.7435794419589532
0.08934989356168835
0.629117644213304
0.08934989356171143
0.6291176442127149
0.09039454565601014
0.6455334410856839
0.09039454565545674
0.6455334410855995
0.01521540567797786
0.7350496294656286
0.015215405677988503
0.7350496294656266
0.004408480791405845
0.7427434088296812
0.004408480791406258
0.7427434088296818
0.004704546799314089
0.7483041549986775
0.004704546799314086
0.7483041549986776
0.001811855654505029
0.7514775289232696
0.0018118556545050164
0.7514775289232696
0.0018118556545050897
0.7514775289232694
0.0018118556545050832
0.7514775289232699
0.004704546799314058
0.7483041549986775
0.004704546799314057
0.7483041549986778
0.004408480791406083
0.7427434088296816
0.004408480791406034
0.7427434088296816
0.01521540567798348
0.7350496294656426
0.015215405677982987
0.7350496294656125
0.09039454565569918
0.6455334410855467
0.0903945456557678
0.6455334410857364
0.09098491463942548
0.6492791963639569
0.09098491463857963
0.6492791963639709
0.01672750473355302
0.7533124592572152
0.016727504733542314
0.7533124592572107
0.003522120212032781
0.7446903435189309
0.003522120212033494
0.7446903435189307
0.0024791113738368807
0.7547730591134747
0.0024791113738368642
0.754773059113475
0.002161514992759157
0.7449507133353572
0.0021615149927591256
0.7449507133353569
0.0021615149927591846
0.7449507133353577
0.002161514992759208
0.7449507133353576
0.002479111373836862
0.7547730591134745
0.0024791113738368564
0.7547730591134744
0.003522120212033179
0.7446903435189309
0.0035221202120330735
0.7446903435189303
0.01672750473354664
0.7533124592572173
0.016727504733548743
0.7533124592572082
0.0909849146389661
0.6492791963632731
0.0909849146390389
0.6492791963646554
0.09286544819898221
0.6618367572871234
0.09286544819856266
0.6618367572873187
0.015378577237011914
0.7496348537342699
0.01537857723697017
0.7496348537342667
0.0031238715063519585
0.7395440747461509
0.0031238715063524217
0.7395440747461506
0.003717504869690173
0.7535216865047918
0.0037175048696901996
0.753521686504792
0.00342584032658185
0.756018778931382
0.0034258403265818803
0.7560187789313817
0.003425840326581789
0.7560187789313826
0.0034258403265818127
0.7560187789313821
0.003717504869690241
0.7535216865047918
0.003717504869690208
0.7535216865047916
0.0031238715063521944
0.7395440747461511
0.0031238715063521814
0.7395440747461507
0.015378577236988598
0.7496348537342401
0.015378577236993408
0.7496348537342963
0.09286544819877572
0.6618367572866395
0.09286544819876888
0.6618367572878034
0.08812606284659016
0.656548720044648
0.08812606284754847
0.6565487200448672
0.014761888047583195
0.7585597323982162
0.014761888047524272
0.7585597323982223
0.010358524802849706
0.7578812825562774
0.010358524802849156
0.7578812825562771
0.002010873218156274
0.7534093425753035
0.0020108732181562837
0.7534093425753035
0.0028625762308544444
0.7557026896764067
0.0028625762308544713
0.7557026896764067
0.0028625762308544214
0.7557026896764067
0.002862576230854447
0.7557026896764062
0.00201087321815627
0.7534093425753036
0.002010873218156276
0.7534093425753038
0.010358524802849389
0.7578812825562768
0.010358524802849507
0.7578812825562784
0.01476188804755128
0.7585597323981739
0.014761888047556172
0.7585597323982647
0.0881260628471523
0.6565487200455788
0.08812606284698637
0.6565487200439366
0.08903509542051136
0.6545056341467331
0.08903509542323479
0.6545056341466177
0.016219565348640393
0.7585799446654842
0.016219565348607766
0.758579944665497
0.0068625435090360985
0.7697464713584677
0.0068625435090342735
0.7697464713584674
0.003326511115199585
0.7601881715636809
0.003326511115199611
0.7601881715636818
0.002782513048209232
0.7598319421795421
0.0027825130482092434
0.7598319421795424
0.002782513048209237
0.7598319421795423
0.0027825130482091714
0.7598319421795428
0.003326511115199688
0.7601881715636813
0.003326511115199662
0.7601881715636818
0.006862543509035061
0.7697464713584654
0.006862543509035281
0.7697464713584687
0.01621956534862408
0.7585799446654897
0.01621956534862407
0.758579944665492
0.08903509542202923
0.6545056341490303
0.08903509542171703
0.6545056341443205
0.09214810648670556
0.6685162268645719
0.09214810649019503
0.6685162268640028
0.013845109792579845
0.7613602130560817
0.01384510979262724
0.7613602130560855
0.0030514199885874928
0.7556023576042881
0.0030514199885849315
0.7556023576042883
0.005271042789714818
0.775598948628692
0.005271042789714809
0.7755989486286909
0.0018458705854470614
0.7614596868734267
0.001845870585447041
0.7614596868734261
0.0018458705854470028
0.7614596868734259
0.0018458705854469725
0.7614596868734258
0.005271042789714839
0.7755989486286916
0.005271042789714833
0.775598948628692
0.003051419988586099
0.755602357604287
0.003051419988586342
0.7556023576042894
0.013845109792608192
0.7613602130561743
0.013845109792598887
0.7613602130559929
0.09214810648859664
0.6685162268657805
0.09214810648830406
0.6685162268627937
0.09197465241297396
0.6737296232458316
0.09197465241465522
0.6737296232453698
0.016945195458543345
0.769281173708005
0.016945195458690495
0.7692811737079852
0.005024172090584311
0.7639300930484529
0.005024172090582889
0.7639300930484527
0.0025186799265443554
0.7657422432019417
0.0025186799265443397
0.7657422432019411
0.0009146067167047967
0.7612118947414839
0.0009146067167048337
0.7612118947414832
0.0009146067167048296
0.7612118947414828
0.0009146067167048637
0.7612118947414834
0.0025186799265443155
0.7657422432019412
0.0025186799265443467
0.765742243201942
0.005024172090583623
0.7639300930484546
0.0050241720905836364
0.7639300930484507
0.016945195458625703
0.7692811737081122
0.016945195458608193
0.7692811737078773
0.09197465241380867
0.6737296232430121
0.0919746524138206
0.6737296232481885
0.089390605806515
0.6792719742697984
0.0893906058035237
0.6792719742703552
0.013379092816199584
0.7695040252328746
0.013379092816381076
0.7695040252328444
0.0038985310057686683
0.7668778897105295
0.0038985310057706763
0.7668778897105295
0.001755445637475231
0.7698058606064747
0.0017554456374751924
0.7698058606064756
0.004937280055626805
0.7621557640569611
0.004937280055626818
0.7621557640569618
0.004937280055626816
0.7621557640569614
0.004937280055626842
0.762155764056961
0.0017554456374752033
0.7698058606064746
0.0017554456374752462
0.7698058606064752
0.00389853100576985
0.7668778897105339
0.003898531005769489
0.7668778897105255
0.013379092816297997
0.7695040252328309
0.01337909281628263
0.7695040252328877
0.08939060580475496
0.6792719742642699
0.08939060580528392
0.6792719742758835
0.08850018794297604
0.68072770921621
0.08850018793491218
0.6807277092177437
0.01618147710528596
0.7685341062049074
0.016181477105348896
0.7685341062049114
0.0046347688111294735
0.7690496397826454
0.004634768811135442
0.769049639782644
0.002476279870950607
0.765382006658512
0.002476279870950604
0.7653820066585122
0.005458208279533253
0.7848768108434931
0.005458208279533288
0.7848768108434929
0.00545820827953331
0.7848768108434929
0.005458208279533323
0.7848768108434934
0.0024762798709505466
0.7653820066585122
0.0024762798709505197
0.765382006658512
0.004634768811132821
0.7690496397826463
0.004634768811132136
0.769049639782643
0.016181477105315867
0.7685341062046624
0.016181477105319007
0.768534106205156
0.08850018793849229
0.6807277092152202
0.0885001879393959
0.6807277092187336
0.08841156834085483
0.6753742295662122
0.08841156833215251
0.6753742295668907
0.013884731555030994
0.7752316253020188
0.013884731554814556
0.7752316253020847
0.004798727550097363
0.7746952472590114
0.0047987275501044
0.7746952472590101
0.0061100464895305516
0.7832221217838673
0.00611004648953069
0.7832221217838669
0.003201388694968107
0.7808441891066944
0.003201388694968093
0.7808441891066944
0.003201388694968137
0.7808441891066951
0.003201388694968139
0.7808441891066945
0.006110046489530613
0.7832221217838671
0.006110046489530604
0.7832221217838671
0.004798727550101174
0.7746952472590046
0.00479872755010057
0.7746952472590167
0.013884731554906195
0.7752316253018339
0.013884731554939342
0.7752316253022707
0.0884115683361848
0.6753742295757341
0.0884115683368224
0.6753742295573691
0.08811792559805379
0.6833742418720553
0.0881179255978271
0.683374241869732
0.014108438617331909
0.7702705699468126
0.014108438616824575
0.7702705699468839
0.005631813381963768
0.7764437376617306
0.005631813381965151
0.7764437376617328
0.00495806805611381
0.7871479383866233
0.004958068056114083
0.7871479383866231
0.0015108398699390565
0.7810460348232942
0.0015108398699390775
0.7810460348232944
0.0015108398699390587
0.7810460348232948
0.0015108398699390413
0.7810460348232944
0.004958068056113979
0.7871479383866231
0.004958068056113939
0.7871479383866236
0.005631813381964275
0.7764437376617208
0.005631813381964529
0.7764437376617424
0.014108438617051576
0.7702705699471029
0.014108438617104837
0.7702705699465953
0.08811792559822265
0.6833742418847303
0.08811792559765835
0.683374241857058
0.09231172241143906
0.6905000259088976
0.09231172242796201
0.690500025904704
0.014597134083860592
0.7790759060774323
0.014597134083346334
0.7790759060773862
0.005504950454714578
0.783408627614691
0.005504950454703698
0.7834086276146942
0.0009172932091463239
0.7840461214808323
0.0009172932091465964
0.7840461214808327
0.0025702724948914865
0.7782689293762468
0.002570272494891495
0.7782689293762467
0.0025702724948914535
0.7782689293762466
0.002570272494891457
0.7782689293762466
0.0009172932091464559
0.7840461214808323
0.0009172932091464315
0.7840461214808333
0.005504950454708357
0.7834086276146925
0.005504950454709912
0.7834086276146924
0.0145971340835866
0.7790759060781625
0.014597134083620216
0.7790759060766569
0.09231172242083138
0.6905000259038951
0.09231172241856946
0.6905000259097074
0.09236064788018244
0.6994693690453986
0.09236064791193688
0.699469369044897
0.015352719243004395
0.7762888387805772
0.015352719243014741
0.7762888387803759
0.004819356764221634
0.7823877163134476
0.004819356764198562
0.7823877163134485
0.0017772424323907253
0.7848437487933559
0.0017772424323907604
0.7848437487933559
0.0016815085629432566
0.7878212342982815
0.0016815085629432736
0.7878212342982807
0.0016815085629431842
0.7878212342982811
0.0016815085629432079
0.7878212342982809
0.0017772424323907886
0.7848437487933558
0.0017772424323907873
0.7848437487933567
0.0048193567642089066
0.7823877163134716
0.0048193567642113196
0.7823877163134254
0.015352719243029321
0.7762888387808833
0.015352719242989813
0.77628883878007
0.09236064789764312
0.6994693690125435
0.09236064789447636
0.6994693690777519
0.08939853467747126
0.6935839849545575
0.08939853470649597
0.6935839849623002
0.017922318225686875
0.7942805079919172
0.01792231822669011
0.7942805079917622
0.00475975172700484
0.7879618954373759
0.004759751726981861
0.7879618954373708
0.0014074868984533732
0.7853796165737289
0.0014074868984529565
0.7853796165737289
0.0016186882500797111
0.7869256807332629
0.0016186882500796938
0.786925680733263
0.0016186882500797458
0.7869256807332624
0.0016186882500796858
0.7869256807332632
0.0014074868984531447
0.7853796165737295
0.0014074868984531612
0.7853796165737282
0.004759751726992606
0.7879618954374012
0.004759751726994147
0.787961895437345
0.017922318226258352
0.7942805079908068
0.017922318226118637
0.7942805079928728
0.08939853469282807
0.6935839849226861
0.08939853469113926
0.6935839849941716
0.0920328051622945
0.7066765562876642
0.09203280515789858
0.7066765562980383
0.013974177112377964
0.7915063623476449
0.013974177114237346
0.7915063623478528
0.002634549359586575
0.7828490727080046
0.0026345493595866265
0.7828490727079962
0.0025667758155925734
0.7898065536905623
0.0025667758155917117
0.7898065536905622
0.0028547226650960647
0.7874203085987127
0.002854722665096096
0.7874203085987124
0.002854722665096111
0.7874203085987119
0.0028547226650961046
0.7874203085987121
0.0025667758155920985
0.7898065536905627
0.0025667758155921835
0.7898065536905612
0.0026345493595874795
0.7828490727079892
0.002634549359585802
0.7828490727080115
0.013974177113401794
0.7915063623456436
0.013974177113213533
0.7915063623498534
0.09203280515872933
0.7066765563126116
0.0920328051614638
0.70667655627309
0.09079125075908456
0.7136015606281245
0.0907912506991166
0.7136015606255244
0.013945449197143881
0.7887481049888386
0.013945449198756853
0.7887481049893852
0.006434573973866747
0.7881124143868848
0.00643457397390827
0.7881124143868858
0.0038334690485992747
0.791576420622119
0.003833469048598507
0.7915764206221181
0.000329503084287963
0.7879956905984604
0.000329503084287981
0.7879956905984604
0.00032950308428797675
0.7879956905984603
0.000329503084287993
0.7879956905984602
0.003833469048598873
0.7915764206221192
0.003833469048598927
0.7915764206221181
0.006434573973890456
0.7881124143868186
0.0064345739738846585
0.7881124143869527
0.01394544919799788
0.7887481049885221
0.013945449197903036
0.7887481049897007
0.09079125072506106
0.7136015607194337
0.0907912507331399
0.7136015605342136
0.08786952586380627
0.7051144746593678
0.08786952576304657
0.7051144746361208
0.013432929496082109
0.7912745728598761
0.013432929495696914
0.7912745728601192
0.00526946026846753
0.8027188946313255
0.005269460268542931
0.8027188946313422
0.0038301584131244697
0.7983756760834381
0.003830158413124592
0.7983756760834372
0.003652381699291443
0.7894960837647553
0.003652381699291447
0.789496083764755
0.003652381699291555
0.7894960837647556
0.003652381699291536
0.7894960837647551
0.0038301584131245382
0.7983756760834362
0.0038301584131244346
0.7983756760834386
0.005269460268508991
0.8027188946312743
0.00526946026850145
0.8027188946313923
0.01343292949580769
0.791274572863302
0.013432929495971432
0.7912745728566923
0.08786952580851337
0.7051144747205336
0.0878695258183397
0.7051144745749549
0.0883483081764815
0.7057280056650717
0.08834830810383548
0.7057280056427813
0.014412265917046314
0.7900893783027984
0.01441226591344962
0.7900893783020055
0.003091113652276686
0.7944423783483149
0.003091113652337467
0.7944423783483328
0.004052619415194622
0.8029081540364178
0.0040526194151962285
0.8029081540364189
0.005451326285078565
0.8082327644586699
0.005451326285078547
0.8082327644586702
0.005451326285078578
0.8082327644586698
0.005451326285078546
0.808232764458671
0.004052619415195544
0.8029081540364156
0.004052619415195347
0.8029081540364206
0.003091113652308629
0.7944423783483845
0.003091113652305436
0.7944423783482635
0.014412265915015304
0.7900893783073784
0.014412265915480591
0.7900893782974252
0.08834830813858699
0.7057280055607122
0.08834830814172984
0.7057280057471409
0.09002987797477094
0.7073293938546201
0.09002987802889584
0.7073293938744394
0.015110167261993662
0.8009151288373458
0.015110167256264196
0.8009151288359269
0.004783935672761704
0.7986137340475488
0.004783935672732955
0.7986137340475369
0.0018019207868679977
0.803219578481503
0.0018019207868707377
0.8032195784815033
0.0030003513768991153
0.8057365336048391
0.0030003513768990745
0.8057365336048392
0.0030003513768990945
0.8057365336048394
0.0030003513768990884
0.8057365336048397
0.0018019207868694978
0.8032195784815032
0.0018019207868691942
0.803219578481503
0.0047839356727432895
0.7986137340477298
0.004783935672751316
0.7986137340473569
0.015110167258861627
0.8009151288359053
0.015110167259396214
0.8009151288373677
0.09002987800794998
0.7073293936163162
0.0900298779957165
0.7073293941127441
0.0946734378649043
0.7249404658340446
0.09467343809812609
0.724940465902122
0.014184530118101871
0.7954352709355704
0.014184530114392021
0.7954352709354507
0.0031599672220507862
0.7998705224819445
0.0031599672218859303
0.7998705224818943
0.0018175272908352465
0.8023827262941383
0.0018175272908373184
0.8023827262941374
0.00048311193803418856
0.8021829776347424
0.00048311193803426175
0.8021829776347422
0.00048311193803419843
0.802182977634743
0.00048311193803422206
0.8021829776347427
0.0018175272908363316
0.8023827262941432
0.0018175272908362563
0.8023827262941325
0.0031599672219580575
0.7998705224820168
0.003159967221978557
0.7998705224818212
0.014184530116193472
0.7954352709247607
0.014184530116300342
0.7954352709462613
0.09467343799547669
0.7249404657654345
0.09467343796755365
0.7249404659707328
0.09090911792769199
0.7279263315742417
0.09090911825654818
0.7279263316171065
0.014565610152898131
0.801558593609439
0.014565610156886524
0.8015585936121381
0.004335796362038737
0.8008811075469235
0.004335796361788297
0.8008811075468875
0.0010832681789695185
0.8022582820751437
0.001083268178968168
0.8022582820751429
0.0011973999871525056
0.8029877263471044
0.0011973999871526557
0.8029877263471041
0.0011973999871524327
0.8029877263471037
0.0011973999871524184
0.8029877263471038
0.0010832681789687488
0.8022582820751498
0.0010832681789690716
0.8022582820751378
0.004335796361902199
0.8008811075466463
0.004335796361924826
0.8008811075471645
0.014565610155298246
0.8015585935993641
0.014565610154486243
0.8015585936222139
0.09090911810629321
0.7279263319784842
0.09090911807794713
0.7279263312128638
0.08842037374628833
0.7242622474047496
0.08842037391606886
0.7242622473208856
0.015502433207096888
0.8039420867700382
0.015502433221544099
0.8039420867735523
0.005095622025426559
0.8051059303609134
0.005095622025272849
0.8051059303609692
0.003467577997884627
0.8075537469816838
0.003467577997878277
0.8075537469816825
0.0020090781882223683
0.8087882515162577
0.002009078188222433
0.8087882515162579
0.0020090781882223913
0.8087882515162574
0.0020090781882223805
0.8087882515162572
0.003467577997881072
0.8075537469816807
0.003467577997881808
0.8075537469816857
0.0050956220253481135
0.8051059303604281
0.005095622025351366
0.8051059303614538
0.015502433215175335
0.8039420867796936
0.015502433213465725
0.8039420867638964
0.08842037383101439
0.7242622480411411
0.08842037383134284
0.7242622466844936
0.08810876972724709
0.7201118280597565
0.08810876943029411
0.7201118278740795
0.014166183877616744
0.8097225024709225
0.01416618389702138
0.8097225024698564
0.006290444383045918
0.8097749754217904
0.006290444383226129
0.8097749754219281
0.0033018882365721276
0.8161053745972604
0.003301888236562918
0.8161053745972605
0.00215578301239282
0.8079985332607914
0.002155783012392771
0.807998533260792
0.0021557830123928277
0.8079985332607913
0.002155783012392824
0.8079985332607912
0.0033018882365671723
0.8161053745972446
0.0033018882365679503
0.8161053745972746
0.006290444383154062
0.8097749754217483
0.006290444383118049
0.8097749754219702
0.01416618388814849
0.8097225025028825
0.014166183886489703
0.8097225024378966
0.08810876955200035
0.7201118280375298
0.08810876960554108
0.7201118278963055
0.09064099815099214
0.7266394221331206
0.09064099728844136
0.7266394220731616
0.015116116353816407
0.810016139951544
0.015116116363283185
0.8100161399433817
0.0039669749782110155
0.8158823930554826
0.003966974978826426
0.815882393055541
0.0014535414194027378
0.8103383743060792
0.0014535414193974127
0.8103383743060825
0.0015697630795895633
0.8106062137858262
0.0015697630795893547
0.8106062137858256
0.0015697630795894536
0.8106062137858256
0.001569763079589484
0.8106062137858261
0.0014535414194000258
0.8103383743060684
0.0014535414194000857
0.810338374306093
0.003966974978555068
0.8158823930563843
0.0039669749784825
0.8158823930546393
0.015116116358516042
0.8100161399718153
0.015116116358583623
0.8100161399231098
0.09064099767027886
0.7266394208562628
0.09064099776915462
0.7266394233500183
0.09238790475720801
0.7397486001460203
0.09238790371123894
0.7397486004382778
0.013485192304962115
0.8094940199307333
0.013485192287010127
0.8094940199230277
0.0029075758419832443
0.8104960916520558
0.0029075758427852634
0.8104960916518547
0.0019289705363066943
0.8134328669149478
0.001928970536313817
0.8134328669149513
0.0009907916921161873
0.8103398565737322
0.000990791692115865
0.8103398565737334
0.0009907916921161252
0.8103398565737324
0.0009907916921161808
0.8103398565737334
0.0019289705363108654
0.813432866914963
0.001928970536309502
0.8134328669149358
0.002907575842418144
0.8104960916532309
0.0029075758423503855
0.8104960916506803
0.013485192294408598
0.8094940198930047
0.013485192297563703
0.8094940199607554
0.09238790419196204
0.7397485986386318
0.09238790427648505
0.7397486019456658
0.09034812449163693
0.7391830747375742
0.09034812415064336
0.7391830752022339
0.015454897874344512
0.8140378229274097
0.015454897824693578
0.8140378229342111
0.0036916394268296637
0.8139535150060022
0.0036916394271710585
0.8139535150056464
0.0024231676774179173
0.8146760252755985
0.0024231676774404695
0.8146760252755965
0.001989745402118847
0.8121921040600097
0.0019897454021186823
0.8121921040600097
0.0019897454021187916
0.8121921040600097
0.001989745402118756
0.8121921040600093
0.002423167677430571
0.8146760252756382
0.0024231676774278984
0.8146760252755563
0.0036916394269961217
0.813953515005652
0.003691639427004505
0.8139535150059964
0.015454897846713759
0.8140378228434084
0.015454897852324255
0.8140378230182129
0.09034812433360555
0.7391830754072611
0.09034812430867466
0.7391830745325478
0.08923959027335941
0.7373204400085667
0.08923959153739713
0.737320439991336
0.012993339701963296
0.8175062516581036
0.01299333964456038
0.8175062516812335
0.0026903702798240885
0.8132508507267442
0.002690370278994754
0.8132508507267138
0.0027265439044153123
0.819654625602853
0.002726543904443453
0.8196546256028425
0.005291749437573568
0.8189961507139459
0.005291749437573792
0.8189961507139458
0.005291749437573693
0.8189961507139466
0.005291749437573613
0.8189961507139453
0.002726543904430519
0.8196546256028705
0.002726543904428149
0.8196546256028262
0.002690370279340601
0.8132508507240599
0.002690370279478107
0.8132508507293983
0.012993339671025478
0.8175062516318394
0.012993339675498157
0.8175062517074985
0.08923959100377557
0.7373204436937248
0.08923959080698099
0.7373204363061785
0.08880677940943624
0.7396392010644397
0.08880678232408383
0.7396392001322345
0.013899197254210485
0.8129478075916856
0.013899197240044164
0.8129478076061846
0.005812668499002223
0.8168049036131424
0.005812668496870066
0.8168049036138035
0.0028431825217308656
0.8188673670027857
0.0028431825217411686
0.8188673670027784
0.0021914871041621045
0.8288438206945401
0.002191487104162868
0.8288438206945402
0.002191487104162549
0.8288438206945418
0.0021914871041624462
0.8288438206945394
0.0028431825217357315
0.818867367002729
0.0028431825217362845
0.8188673670028366
0.00581266849781839
0.8168049036106269
0.005812668498053794
0.8168049036163189
0.013899197248149142
0.8129478077242682
0.013899197246105506
0.8129478074736027
0.08880678102281678
0.739639204120014
0.0888067807107033
0.7396391970766607
0.09047599502091608
0.7385694543506869
0.090475998020276
0.7385694532579814
0.013543269854707093
0.8178754554300778
0.01354326993324269
0.8178754554025356
0.005047092618917004
0.8274779476409133
0.005047092616540943
0.8274779476417712
0.002645160353958086
0.8244627195093237
0.0026451603539259403
0.8244627195093353
0.0009881632587530381
0.8212326438056265
0.0009881632587539408
0.8212326438056265
0.0009881632587534252
0.8212326438056261
0.0009881632587534195
0.8212326438056272
0.0026451603539394434
0.8244627195092219
0.00264516035394465
0.8244627195094373
0.005047092617639555
0.8274779476431305
0.005047092617818414
0.8274779476395537
0.013543269899885933
0.8178754556399159
0.013543269888063824
0.8178754551926983
0.09047599662538472
0.738569450796249
0.09047599641580731
0.7385694568124197
0.08987610496185909
0.7455257567742992
0.08987610521969969
0.7455257572171852
0.014468810576833874
0.816400038768424
0.014468810743797314
0.8164000387078651
0.0028393584588307036
0.8208407874504728
0.0028393584583023567
0.8208407874502592
0.002643721567282811
0.8290751251895492
0.0026437215672066635
0.8290751251895774
0.001217964782512511
0.8238312167715536
0.0012179647825128225
0.8238312167715528
0.0012179647825126105
0.8238312167715511
0.001217964782512696
0.8238312167715551
0.0026437215672405114
0.8290751251895372
0.0026437215672488693
0.8290751251895894
0.0028393584586126766
0.8208407874579111
0.002839358458520504
0.8208407874428219
0.01446881066917615
0.8164000387685137
0.01446881065145492
0.8164000387077741
0.08987610500382513
0.7455257466740013
0.08987610517773392
0.7455257673174835
0.09065400848405504
0.7481409602850557
0.09065400390012326
0.7481409627696567
0.015650366711835895
0.8255032381878825
0.015650366876413205
0.825503238165023
0.004295471063296743
0.8225342115233129
0.00429547106633891
0.8225342115215257
0.0009038755393715499
0.8267301440739248
0.0009038755392905809
0.8267301440739379
0.0009616698653423523
0.8242792962126699
0.0009616698653413661
0.8242792962126705
0.0009616698653417976
0.8242792962126684
0.0009616698653418943
0.8242792962126713
0.0009038755393280412
0.8267301440740906
0.000903875539334168
0.8267301440737715
0.0042954710650492875
0.8225342115282053
0.0042954710645865205
0.8225342115166343
0.015650366799918644
0.825503237808932
0.015650366788330573
0.8255032385439736
0.09065400586159239
0.7481409546028066
0.09065400652258582
0.7481409684519051
0.09008268387075224
0.7517949111667435
0.09008267567464501
0.7517949132990034
0.014879777827998972
0.8271122763356047
0.014879777851263614
0.8271122764087593
0.004010007784811448
0.8272804634724287
0.004010007790785211
0.8272804634707255
0.0006370579686602821
0.824701755267391
0.0006370579686398139
0.8247017552673599
0.0011573963405029442
0.8249271699917244
0.0011573963405008283
0.8249271699917258
0.0011573963405017602
0.8249271699917271
0.001157396340502034
0.8249271699917239
0.0006370579686512816
0.8247017552676037
0.0006370579686488632
0.8247017552671474
0.004010007788120181
0.8272804634658149
0.00401000778747649
0.8272804634773392
0.014879777835853945
0.8271122758958055
0.014879777843408656
0.8271122768485595
0.09008267934427153
0.7517949212632986
0.09008268020112584
0.7517949032024471
0.090375115291194
0.7560997863087198
0.09037510838423596
0.7560997850256017
0.014741979949007906
0.8290250254125746
0.0147419797631647
0.8290250255256533
0.0038708695814771822
0.8286482325736659
0.003870869586900467
0.8286482325744065
0.0011941498194481147
0.8243219494475281
0.0011941498195252407
0.8243219494474746
0.001612057609283244
0.8274930017130239
0.001612057609281175
0.8274930017130236
0.001612057609282174
0.8274930017130292
0.0016120576092823289
0.827493001713019
0.0011941498194927387
0.8243219494475187
0.0011941498194805757
0.8243219494474839
0.003870869584389353
0.8286482325592845
0.0038708695839881936
0.8286482325887894
0.014741979842176409
0.8290250254802639
0.014741979869996166
0.8290250254579627
0.09037511160012314
0.7560998056924727
0.0903751120753065
0.7560997656418491
0.08907810185480255
0.7569630963591472
0.08907810115880446
0.7569630922858612
0.013232718837751695
0.8305124877215941
0.01323271852828152
0.8305124877454293
0.0034948905773398045
0.828922220923335
0.003494890578421154
0.8289222209262963
0.003877255937856326
0.8306323726043268
0.003877255937997755
0.8306323726043106
0.0017691479774257974
0.8278300027827252
0.0017691479774251857
0.8278300027827237
0.0017691479774254969
0.8278300027827283
0.0017691479774254418
0.8278300027827201
0.0038772559379348756
0.8306323726040437
0.003877255937919284
0.8306323726045932
0.003494890577799648
0.8289222209167826
0.0034948905779612445
0.8289222209328495
0.013232718666426859
0.8305124883549231
0.013232718699606408
0.8305124871121006
0.0890781016578597
0.7569631037253992
0.08907810135574752
0.7569630849196085
0.08924272519241389
0.7577555929454981
0.08924273164276424
0.7577555903423159
0.013258539082654744
0.8277276566174985
0.013258538832865065
0.827727656509671
0.004589536941946174
0.8310139670636056
0.0045895369376450414
0.8310139670657253
0.0038267987137327753
0.8371348833688796
0.00382679871385543
0.8371348833689267
0.0018582046129874594
0.8305388694898974
0.0018582046129887874
0.8305388694898967
0.0018582046129883153
0.8305388694898936
0.001858204612988014
0.8305388694899002
0.00382679871379888
0.8371348833686059
0.0038267987137893256
0.8371348833692003
0.004589536939460178
0.8310139670737047
0.00458953694013086
0.8310139670556249
0.013258538948627899
0.8277276571756256
0.013258538966891886
0.8277276559515435
0.08924272889460844
0.7577555779205771
0.08924272794056981
0.7577556053672378
0.08950998085542397
0.7554258655448063
0.08950999073036986
0.7554258674271175
0.013490821036444785
0.8314683124236004
0.013490820995168278
0.8314683122912074
0.0037523963959821293
0.8378478644422926
0.0037523963887574124
0.8378478644411496
0.0013217871764560469
0.8365762288555476
0.0013217871764870165
0.8365762288556107
0.003495654099558048
0.8336595279378096
0.0034956540995605403
0.8336595279378103
0.0034956540995594
0.8336595279378032
0.003495654099559105
0.8336595279378165
0.0013217871764703857
0.8365762288555858
0.0013217871764726707
0.8365762288555733
0.0037523963919740794
0.8378478644593493
0.0037523963927654337
0.8378478644240925
0.013490821019641313
0.831468312283312
0.01349082101197173
0.8314683124314948
0.08950998631814486
0.7554258428251119
0.0895099852676488
0.755425890146812
0.09118619812089582
0.7618373357080004
0.09118620568506713
0.7618373402819145
0.013972338636911738
0.829501449975139
0.01397233882351985
0.8295014499591722
0.003013825629076716
0.8336381714831382
0.0030138256231202363
0.8336381714797936
0.0013627350422844376
0.8349839408112213
0.0013627350422079593
0.8349839408112335
0.00248968586493408
0.8425907173564513
0.002489685864936364
0.8425907173564524
0.002489685864935305
0.8425907173564493
0.0024896858649351024
0.8425907173564549
0.001362735042239914
0.8349839408115464
0.0013627350422524829
0.834983940810909
0.003013825625869896
0.8336381714891312
0.003013825626327132
0.8336381714737991
0.013972338744544817
0.8295014492537669
0.013972338715886812
0.8295014506805451
0.09118620217449129
0.7618373294288227
0.09118620163147145
0.761837346561091
0.09049812582031842
0.7630988625130016
0.09049812691218996
0.7630988650250587
0.014826324929327433
0.8366760190221789
0.014826325230533866
0.8366760191428345
0.003942610346111035
0.835993508062205
0.003942610344708679
0.8359935080601277
0.001681861018434172
0.8378598699849267
0.0016818610182971353
0.8378598699848736
0.0006191205479601243
0.8380439256018346
0.0006191205479608351
0.8380439256018356
0.0006191205479605325
0.8380439256018392
0.0006191205479605829
0.8380439256018317
0.0016818610183579473
0.8378598699852029
0.0016818610183733282
0.8378598699845967
0.003942610345469699
0.8359935080504599
0.003942610345350072
0.8359935080718708
0.01482632509631222
0.8366760184677579
0.014826325063549077
0.8366760196972554
0.09049812624134057
0.7630988798519167
0.09049812649116784
0.7630988476861451
0.09134091343019737
0.7680996127960216
0.09134090774384424
0.7680996105856341
0.013969841919444753
0.837320210092816
0.01396984216347316
0.8373202102262345
0.002643478812797347
0.8363215235324666
0.0026434788165044625
0.8363215235338495
0.0018942924772332227
0.839046435412417
0.0018942924771142016
0.8390464354123541
0.0010445252633294881
0.8374642403034733
0.0010445252633283129
0.8374642403034741
0.0010445252633287335
0.8374642403034804
0.0010445252633289595
0.8374642403034671
0.0018942924771688909
0.8390464354123541
0.0018942924771785255
0.839046435412417
0.0026434788149523065
0.8363215235149599
0.0026434788143497212
0.836321523551357
0.013969842050739825
0.8373202102907702
0.013969842032178065
0.8373202100282795
0.09134091015327486
0.7680996360504163
0.09134091102076689
0.7680995873312393
0.08931021818137273
0.771156506400339
0.08931020918354513
0.7711565017216537
0.014058647472232875
0.837730269357699
0.014058647528726705
0.8377302693653681
0.005100502686945554
0.8368736377568129
0.005100502693456398
0.8368736377602473
0.00147862270907859
0.840711941439946
0.0014786227090416155
0.8407119414399375
0.00046264126842949295
0.8391586303289306
0.0004626412684272072
0.8391586303289287
0.00046264126842822823
0.8391586303289323
0.00046264126842853533
0.8391586303289265
0.001478622709060605
0.840711941439606
0.001478622709059547
0.8407119414402767
0.005100502690565728
0.8368736377516927
0.005100502689836341
0.8368736377653687
0.01405864749796068
0.8377302701119412
0.014058647502999014
0.8377302686111255
0.0893102131935919
0.7711565114486207
0.089310214171326
0.7711564966733715
0.08847526807142725
0.7680889784546566
0.08847526083504616
0.7680889761413847
0.014615508215918569
0.8405087280894878
0.014615508065404922
0.8405087279630132
0.005030970578206893
0.846743986344294
0.00503097058381829
0.8467439863462298
0.002156450522341695
0.8410656886942107
0.002156450522401947
0.841065688694266
0.0008522940822777957
0.8389525034361556
0.0008522940822757152
0.8389525034361538
0.0008522940822766969
0.8389525034361508
0.0008522940822768794
0.838952503436158
0.0021564505223771336
0.8410656886939443
0.0021564505223666142
0.8410656886945316
0.005030970581238732
0.8467439863569295
0.005030970580786445
0.8467439863335933
0.014615508128407034
0.8405087286236448
0.014615508152916484
0.8405087274288563
0.08847526417772675
0.768088959958305
0.08847526472874667
0.7680889946377369
0.090323417502965
0.7693806733342332
0.09032341582510986
0.7693806757795196
0.013679334408756313
0.8430689130241953
0.013679334145976
0.8430689128943027
0.0030004294547575504
0.8449705653217181
0.0030004294564878477
0.8449705653201528
0.001996134549575775
0.845376927452964
0.0019961345496943006
0.8453769274530263
0.002425047362810276
0.8414364575715297
0.002425047362809514
0.8414364575715312
0.0024250473628097935
0.841436457571523
0.002425047362809781
0.8414364575715364
0.0019961345496418807
0.8453769274530459
0.0019961345496282493
0.8453769274529441
0.0030004294555965655
0.8449705653390882
0.0030004294556487438
0.8449705653027835
0.01367933426262787
0.8430689127873674
0.013679334292104512
0.8430689131311311
0.09032341673724059
0.7693806503379124
0.0903234165908341
0.7693806987758393
0.09031068924538804
0.7737914202405847
0.09031069365716879
0.7737914249128592
0.01450397980919738
0.844679543697733
0.01450397958383632
0.8446795436988002
0.002987405414187379
0.8437112611700417
0.0029874054113572766
0.8437112611665935
0.0015625162593722133
0.8441577148629507
0.0015625162594809809
0.8441577148629558
0.0011358072423911453
0.8442695411122731
0.0011358072423919923
0.8442695411122754
0.0011358072423917048
0.8442695411122707
0.0011358072423915163
0.8442695411122765
0.001562516259431163
0.844157714863297
0.0015625162594219795
0.8441577148626107
0.0029874054125247065
0.8437112611742119
0.0029874054130197697
0.8437112611624222
0.014503979687431449
0.8446795429359659
0.014503979705602375
0.8446795444605675
0.09031069181025375
0.7737914164528543
0.09031069109230283
0.7737914287005888
0.09252401875725368
0.7809358160832234
0.0925240264455647
0.7809358181417276
0.012907518912256971
0.8452981285163665
0.012907518844195453
0.8452981286472775
0.002952831175072176
0.8446460445261019
0.0029528311695255
0.8446460445243418
0.0014552786238653656
0.8453674216733107
0.0014552786239058954
0.8453674216732521
0.0013019759233665466
0.842476279118914
0.0013019759233685287
0.8424762791189142
0.0013019759233676672
0.842476279118918
0.0013019759233674254
0.84247627911891
0.0014552786238856757
0.8453674216735623
0.0014552786238856523
0.8453674216730014
0.002952831171979018
0.8446460445127906
0.0029528311726185943
0.8446460445376525
0.012907518879342824
0.8452981280188543
0.012907518877109543
0.8452981291447897
0.09252402303181703
0.7809358353439169
0.09252402217100086
0.7809357988810345
0.08951554303614778
0.7808500058971939
0.08951554959373015
0.7808500032072538
0.013700932203930559
0.8443269254133083
0.013700932319689307
0.844326925538498
0.003573385904049163
0.8467785404386807
0.0035733858989843003
0.8467785404404327
0.0017648696517868075
0.8459685111340576
0.0017648696517415642
0.8459685111339961
0.0023954220415050506
0.8462553699562525
0.0023954220415069224
0.8462553699562525
0.002395422041506021
0.8462553699562593
0.0023954220415058967
0.8462553699562462
0.001764869651759818
0.8459685111339537
0.0017648696517684158
0.8459685111341
0.0035733859013034495
0.8467785404217008
0.0035733859017299963
0.8467785404574141
0.013700932271836021
0.8443269256950163
0.013700932251783739
0.8443269252567899
0.08951554657776775
0.7808500281903957
0.08951554605211019
0.7808499809140529
0.08839746918998076
0.776676582794801
0.08839747110877733
0.7766765781381234
0.013059863404976165
0.8477150943068297
0.013059863629447464
0.8477150942965319
0.0036700360658330497
0.8481690985706979
0.003670036063980657
0.8481690985741523
0.002720449301766409
0.8488593373355221
0.002720449301665555
0.8488593373355215
0.003167884859949007
0.8521631722002027
0.0031678848599498133
0.8521631722002017
0.0031678848599494976
0.8521631722002041
0.003167884859949555
0.8521631722002011
0.0027204493017099684
0.8488593373351707
0.002720449301721898
0.8488593373358726
0.0036700360649094582
0.8481690985676662
0.0036700360649043963
0.8481690985771844
0.013059863530095802
0.8477150950756132
0.013059863504327801
0.8477150935277494
0.08839747011212246
0.7766765849628579
0.0883974701866356
0.7766765759700681
0.0891350853842249
0.7768391134571091
0.08913508190978464
0.77683911165379
0.013916300221461828
0.8464482627587467
0.013916300425348638
0.8464482626234455
0.004681967100057211
0.8497460703693727
0.004681967102221754
0.8497460703709525
0.0025965601040103814
0.8540968501535326
0.002596560103912378
0.8540968501535929
0.0007350362770773941
0.8541399291941659
0.0007350362770767128
0.8541399291941653
0.0007350362770769351
0.8541399291941631
0.0007350362770770819
0.8541399291941705
0.0025965601039571328
0.854096850153298
0.0025965601039657123
0.854096850153828
0.004681967101342669
0.8497460703834592
0.004681967100936418
0.8497460703568662
0.013916300331939031
0.846448263217588
0.013916300314871349
0.8464482621646044
0.08913508334906416
0.7768390931950735
0.08913508394494524
0.7768391319158268
0.09185206756752956
0.7801876976637544
0.09185206092218003
0.7801877005848932
0.013886983902839711
0.8500024106727575
0.013886983976539693
0.8500024105522311
0.0033987680385891327
0.8550116922198892
0.0033987680433424407
0.8550116922179581
0.0008350871014338474
0.8540335550546743
0.0008350871013917802
0.8540335550547324
0.00026985794583301843
0.8494906247996261
0.00026985794583140265
0.8494906247996262
0.00026985794583204206
0.84949062479962
0.00026985794583224735
0.8494906247996324
0.0008350871014124458
0.8540335550547996
0.0008350871014131615
0.8540335550546083
0.0033987680412464333
0.8550116922365516
0.0033987680406850815
0.855011692201296
0.013886983939501645
0.8500024103447996
0.01388698393987774
0.8500024108801891
0.09185206386449934
0.7801876758874428
0.09185206462520987
0.7801877223612039
0.09103879327076103
0.7878260174933724
0.09103878726067371
0.7878260221235536
0.014396698389420207
0.8504662232432664
0.014396698301014099
0.8504662232622161
0.002733698249597562
0.8513843200701171
0.0027336982541945735
0.8513843200666689
0.0007161459606932266
0.8517716873440868
0.0007161459607264325
0.8517716873440846
0.00030026135563314036
0.8508877752279771
0.0003002613556314902
0.8508877752279786
0.0003002613556322329
0.850887775227975
0.000300261355632395
0.8508877752279798
0.0007161459607133696
0.8517716873444428
0.0007161459607064155
0.851771687343728
0.002733698252096862
0.8513843200721131
0.002733698251695261
0.8513843200646729
0.014396698336952767
0.8504662224653385
0.014396698353481598
0.8504662240401437
0.09103879001477376
0.7878260167382628
0.09103879051666083
0.7878260228786628
0.08983922603254127
0.7888079069143463
0.08983922387157628
0.7888079084683137
0.014921029837547306
0.854990797012728
0.014921029645332835
0.8549907971515678
0.004038273459587072
0.8532916180749138
0.0040382734615461435
0.8532916180735135
0.001045598211114818
0.8518392414746097
0.0010455982112004022
0.8518392414745489
0.0007021128790672334
0.8507883030152792
0.000702112879066445
0.85078830301528
0.000702112879066767
0.8507883030152842
0.0007021128790667644
0.8507883030152746
0.0010455982111628537
0.8518392414748288
0.0010455982111524638
0.8518392414743284
0.004038273460583712
0.8532916180601671
0.0040382734605493315
0.8532916180882599
0.014921029730094645
0.8549907965877392
0.014921029752785524
0.8549907975765557
0.08983922495823096
0.7888079279879596
0.08983922494588667
0.7888078873946998
0.0899905373131549
0.787564557142924
0.08999053991716251
0.7875645540164281
0.013630189585566083
0.8586398650911364
0.01363018940045753
0.8586398652062692
0.002933316475388482
0.856311394652961
0.0029333164738211317
0.856311394655055
0.0017806365896273157
0.8536890077162392
0.0017806365897154656
0.8536890077161818
0.002025064272478352
0.8518998023153117
0.0020250642724787917
0.8518998023153107
0.002025064272478674
0.8518998023153173
0.002025064272478526
0.8518998023153037
0.0017806365896753309
0.8536890077160957
0.0017806365896673156
0.8536890077163259
0.0029333164744410186
0.8563113946367085
0.0029333164747685093
0.8563113946713083
0.013630189484931632
0.8586398654574652
0.013630189501091999
0.8586398648399396
0.08999053885824987
0.7875645782849965
0.0899905383720673
0.7875645328743535
0.08972606833262456
0.7910287355102674
0.08972607397060835
0.7910287309408393
0.013098993738498543
0.8553380545158786
0.013098993660352016
0.8553380544882421
0.0038629331016434318
0.8554056647751811
0.0038629330976341757
0.8554056647786024
0.0019499859242926667
0.8553725034332609
0.001949985924335327
0.8553725034332673
0.0014131297108621267
0.8562829741779039
0.0014131297108635132
0.8562829741779023
0.0014131297108629759
0.8562829741779046
0.0014131297108627675
0.8562829741779019
0.0019499859243147012
0.855372503432902
0.0019499859243132622
0.8553725034336259
0.003862933099394961
0.855405664774214
0.00386293309988276
0.8554056647795695
0.013098993698771698
0.8553380552937127
0.013098993700078953
0.8553380537104076
0.08972607148408118
0.791028734895662
0.08972607081915156
0.7910287315554445
0.08940056801897187
0.7904074411033294
0.08940057342723715
0.7904074398201986
0.012829399213912412
0.8570514845872483
0.012829399278000898
0.857051484445474
0.003946380903900622
0.8604526304843119
0.0039463808997880385
0.8604526304855202
0.0026445748867876774
0.8576755486699219
0.0026445748867648068
0.8576755486699867
0.0010828975982752791
0.8544501037848246
0.001082897598276788
0.8544501037848247
0.0010828975982761751
0.8544501037848196
0.0010828975982760131
0.8544501037848293
0.002644574886773465
0.8576755486697192
0.00264457488677899
0.8576755486701886
0.003946380901657995
0.8604526304996095
0.003946380902030677
0.8604526304702218
0.012829399252588535
0.8570514849716258
0.01282939923932476
0.8570514840610974
0.0894005709585674
0.7904074194136368
0.08940057048764169
0.7904074615098922
0.08972603615084025
0.7913826935686052
0.08972603840096194
0.7913826969008062
0.01324552062274296
0.8556751923839847
0.01324552078477227
0.8556751922748679
0.002738225302631276
0.8600314169047
0.002738225300659475
0.8600314169024426
0.0019933848110571294
0.8612932586742797
0.001993384810985442
0.8612932586743336
0.0025199764283646946
0.8575700170592286
0.0025199764283655437
0.8575700170592289
0.0025199764283651647
0.857570017059223
0.0025199764283651664
0.8575700170592355
0.001993384811016714
0.8612932586744433
0.001993384811025711
0.8612932586741702
0.002738225301614191
0.8600314169204086
0.0027382253016767326
0.860031416886734
0.013245520713584008
0.8556751919772636
0.013245520693931239
0.85567519268159
0.08972603729270634
0.7913826732961717
0.08972603725909592
0.7913827171732404
0.08967717088253349
0.7911318335438469
0.08967716895573766
0.7911318380445452
0.014088237706663835
0.8592901754123103
0.014088237872116948
0.8592901754488115
0.00303494028872161
0.8594085125966842
0.0030349402898232113
0.8594085125932962
0.0010270150051243181
0.8616170804460495
0.0010270150050459424
0.861617080446037
0.002048496028622595
0.8619097901013282
0.0020484960286223297
0.8619097901013295
0.002048496028622431
0.8619097901013293
0.002048496028622492
0.8619097901013307
0.0010270150050815145
0.8616170804464083
0.0010270150050888068
0.8616170804456778
0.0030349402894031337
0.8594085125965343
0.003034940289141722
0.8594085125934467
0.014088237796858472
0.859290174635739
0.01408823778192237
0.8592901762253833
0.08967716972243331
0.7911318356978645
0.08967717011583798
0.7911318358905284
0.09028096103929217
0.7941697021689873
0.0902809562505716
0.7941697031800063
0.013876143714780744
0.860310636239795
0.013876143793388689
0.8603106363842832
0.003320848470137323
0.860407869977525
0.0033208484735161325
0.8604078699765134
0.0009420409604083108
0.8598033123157107
0.0009420409603663192
0.8598033123156461
0.0006104211754899378
0.8638259946317864
0.0006104211754887282
0.8638259946317868
0.0006104211754892389
0.8638259946317923
0.000610421175489391
0.8638259946317817
0.0009420409603864393
0.8598033123158944
0.0009420409603882706
0.8598033123154626
0.0033208484720378233
0.8604078699616498
0.003320848471615524
0.8604078699923874
0.013876143755280745
0.8603106358976893
0.013876143752888516
0.8603106367263897
0.09028095835545905
0.7941697245572539
0.09028095893440474
0.7941696807917407
0.0909646067432116
0.798847472319643
0.09096460187769756
0.7988474687918667
0.014005295505086435
0.8617987688652233
0.014005295459643428
0.8617987689682793
0.0036172190249968983
0.8626238429914757
0.0036172190286708184
0.8626238429938875
0.0010274384665960657
0.8613000321104025
0.0010274384666109125
0.8613000321103516
0.00018154362657077085
0.859995271673956
0.00018154362656940893
0.859995271673955
0.00018154362656988795
0.859995271673961
0.00018154362656999927
0.8599952716739487
0.0010274384666057058
0.8613000321102204
0.0010274384666013
0.8613000321105333
0.003617219027005559
0.8626238429762891
0.0036172190266621565
0.8626238430090751
0.01400529547703858
0.8617987693126967
0.014005295487691255
0.8617987685208062
0.09096460409152399
0.7988474917955506
0.09096460452938498
0.7988474493159581
0.09044085479564676
0.7998521770408242
0.09044085249868641
0.7998521726199481
0.013500684943126659
0.8637078809491825
0.01350068480622128
0.8637078809041994
0.0032735924037774135
0.8635579447138311
0.003273592405733345
0.8635579447171718
0.00204029889471916
0.8619628396900956
0.0020402988947792484
0.8619628396901095
0.0006438383512592425
0.8605986564026451
0.0006438383512584844
0.8605986564026427
0.0006438383512587892
0.8605986564026449
0.0006438383512588123
0.8605986564026425
0.0020402988947531347
0.8619628396897349
0.0020402988947453666
0.8619628396904707
0.003273592404796793
0.8635579447150425
0.0032735924047138055
0.8635579447159591
0.013500684866133147
0.8637078817245923
0.013500684883214882
0.8637078801287885
0.0904408536131321
0.7998521734528079
0.09044085368120099
0.7998521762079636
0.08897219725086714
0.7994300958347191
0.08897219860213654
0.7994300950928062
0.013903273416410213
0.8642652488554655
0.013903273268262909
0.8642652487089735
0.004305447825045218
0.8642740405180106
0.004305447824333024
0.8642740405188278
0.0018344649408845173
0.8659462720024345
0.0018344649409541705
0.8659462720025008
0.0006216659752025268
0.8619047372113465
0.0006216659752027126
0.8619047372113456
0.0006216659752027497
0.8619047372113398
0.0006216659752025935
0.8619047372113507
0.0018344649409227213
0.8659462720022695
0.001834464940915984
0.8659462720026665
0.004305447824586348
0.8642740405343752
0.0043054478247918256
0.8642740405024623
0.013903273335424671
0.8642652491573709
0.013903273349248384
0.8642652484070674
0.08897219808387807
0.7994300728797084
0.0889721977691254
0.7994301180478159
0.08991370581529151
0.7984477314134419
0.08991370984162034
0.7984477351151091
0.013840631690093544
0.8667825731409097
0.01384063161175822
0.8667825730444354
0.0034293967877769733
0.8701528892282671
0.003429396784958536
0.8701528892257147
0.001052612675344616
0.8653997932173367
0.0010526126753854612
0.865399793217387
0.0012986909612753002
0.861924579142066
0.0012986909612762256
0.8619245791420669
0.0012986909612758635
0.8619245791420606
0.001298690961275682
0.8619245791420725
0.00105261267536606
0.8653997932175375
0.0010526126753639567
0.8653997932171857
0.003429396786186021
0.8701528892428635
0.0034293967865495706
0.8701528892111192
0.013840631649283227
0.8667825726577837
0.013840631652568613
0.8667825735275605
0.0899137080793416
0.798447712817854
0.08991370757757025
0.7984477537106958
0.09141093262530162
0.8030945543003457
0.09141093696524638
0.8030945586146527
0.013095069788960002
0.8675045213872561
0.013095069818311635
0.8675045214405639
0.0023054548569392272
0.8676591084398864
0.00230545485368277
0.8676591084366057
0.0009713999064288809
0.8645012123666206
0.0009713999064206941
0.8645012123666007
0.001814315876569187
0.8647471832402134
0.0018143158765703852
0.8647471832402147
0.0018143158765700244
0.8647471832402139
0.0018143158765699038
0.8647471832402143
0.0009713999064230397
0.8645012123669786
0.0009713999064264302
0.8645012123662419
0.0023054548551540415
0.8676591084376277
0.0023054548554681154
0.867659108438865
0.013095069807805136
0.8675045206192838
0.013095069799466647
0.8675045222085357
0.09141093499740421
0.8030945592755195
0.091410934593144
0.8030945536394796
0.08959050512601559
0.8056599833389927
0.08959050740234886
0.8056599838016911
0.013749498504879044
0.8677339163543658
0.013749498618880668
0.8677339165022999
0.0031715013910954045
0.8665576269902124
0.003171501389197967
0.8665576269895977
0.0017552134715097644
0.8658645108863892
0.0017552134714601399
0.8658645108863203
0.0008336037726891866
0.8655017108302707
0.0008336037726899273
0.8655017108302719
0.0008336037726896501
0.8655017108302776
0.0008336037726895851
0.8655017108302658
0.0017552134714816665
0.8658645108865353
0.0017552134714882931
0.8658645108861742
0.0031715013900981666
0.8665576269734431
0.003171501390195374
0.8665576270063674
0.013749498569214546
0.867733916096113
0.013749498554545105
0.8677339167605533
0.08959050631104581
0.8056600067173887
0.08959050621731882
0.8056599604232959
0.09001880079739474
0.8052106652584423
0.09001879990772589
0.805210661389997
0.012711395867171325
0.8697777730621279
0.01271139599828154
0.869777773151577
0.002715407757625414
0.8689037345064023
0.002715407758029578
0.8689037345090902
0.001908439943391592
0.8682288582240256
0.0019084399433302607
0.868228858223981
0.0019430407640093916
0.8657353596782373
0.0019430407640093459
0.8657353596782371
0.0019430407640092355
0.8657353596782431
0.0019430407640092732
0.8657353596782322
0.0019084399433578474
0.8682288582238089
0.0019084399433639404
0.8682288582241997
0.002715407757906561
0.8689037344924856
0.002715407757748368
0.8689037345230077
0.012711395939031185
0.8697777735807461
0.012711395926421686
0.8697777726329594
0.09001880022888589
0.8052106828276724
0.09001880047623459
0.805210643820767
0.08901254856149315
0.8057342553600453
0.08901254519485341
0.8057342511613527
0.013365120733820393
0.8677598432980016
0.01336512080968317
0.86775984323638
0.0037281863102067644
0.8688360215723703
0.0037281863125433554
0.8688360215755805
0.0015369103675478908
0.8701145558944041
0.001536910367508922
0.8701145558944267
0.0017615725654029075
0.8704797957092711
0.0017615725654021109
0.8704797957092705
0.0017615725654024613
0.8704797957092703
0.0017615725654025805
0.8704797957092711
0.0015369103675273287
0.8701145558940473
0.0015369103675295839
0.8701145558947837
0.0037281863115305814
0.8688360215757115
0.00372818631121947
0.8688360215722384
0.013365120773667898
0.8677598440568697
0.013365120769835655
0.8677598424775141
0.08901254666226137
0.8057342489261532
0.089012547094085
0.8057342575952453
0.08933255476616353
0.8041320205234317
0.08933255091348216
0.8041320203402077
0.01334962623006418
0.8699606764637978
0.013349626212978742
0.8699606763148027
0.0040743355306010615
0.8727843306789917
0.004074335533474577
0.8727843306794019
0.001688842142276915
0.8703396704133726
0.0016888421422800457
0.8703396704134402
0.0008367775103065446
0.8717604712015246
0.0008367775103055293
0.8717604712015236
0.0008367775103058571
0.8717604712015186
0.0008367775103059166
0.8717604712015294
0.0016888421422798442
0.8703396704132467
0.0016888421422773087
0.8703396704135662
0.004074335532180173
0.872784330696145
0.004074335531895295
0.8727843306622477
0.013349626218290053
0.8699606766771949
0.013349626224752744
0.8699606761014075
0.08933255265507989
0.804131996726879
0.08933255302456544
0.804132044136761
0.09075770950661788
0.806268787606907
0.09075770729136934
0.8062687916300821
0.013920231843708504
0.8709421056269315
0.013920231748949043
0.8709421055446513
0.002997392663160986
0.8737726776555362
0.0029973926649765163
0.8737726776527217
0.001291995883264745
0.8729082277990514
0.0012919958833056003
0.8729082277990949
0.00034023121134479906
0.8703181435899605
0.000340231211344074
0.8703181435899618
0.00034023121134435416
0.8703181435899554
0.0003402312113443784
0.8703181435899667
0.0012919958832879083
0.8729082277992871
0.0012919958832822692
0.8729082277988602
0.002997392664121485
0.8737726776687627
0.0029973926640158148
0.8737726776394973
0.013920231790037142
0.8709421050735631
0.013920231802620338
0.8709421060980183
0.09075770834374591
0.8062687710563916
0.09075770845424119
0.8062688081805973
0.09188050585732471
0.8104982115544361
0.09188050637679038
0.8104982156234839
0.013999118483232927
0.8731873137619224
0.013999118367271874
0.8731873138314967
0.002711826573940251
0.8731996388936965
0.002711826573780202
0.8731996388905687
0.0005415195921144539
0.8725386827770265
0.0005415195921683038
0.8725386827769992
0.00019347779588957026
0.8696673310767911
0.0001934777958894991
0.8696673310767937
0.0001934777958896256
0.8696673310767928
0.00019347779588962835
0.8696673310767916
0.000541519592144105
0.8725386827773783
0.0005415195921386073
0.8725386827766466
0.0027118265738006564
0.8731996388893088
0.0027118265739199685
0.8731996388949564
0.013999118419515063
0.8731873130136745
0.01399911843098979
0.8731873145797436
0.09188050621296118
0.8104982193783856
0.09188050602115375
0.8104982077995337
0.09118344856122293
0.8139708657574811
0.09118345135578668
0.8139708656639921
0.013741902432745767
0.8756257655476156
0.013741902359884463
0.8756257656970956
0.003169051550711817
0.873108682614448
0.0031690515487914324
0.8731086826142419
0.000859790405885624
0.8708115288986706
0.0008597904059224709
0.8708115288986017
0.0002418309336280981
0.86983414283255
0.0002418309336287469
0.8698341428325493
0.0002418309336285001
0.8698341428325558
0.0002418309336284
0.8698341428325433
0.0008597904059052561
0.8708115288987766
0.0008597904059028725
0.8708115288984944
0.0031690515496191857
0.8731086825969804
0.0031690515498841373
0.8731086826317099
0.013741902394209488
0.8756257653781236
0.013741902398420741
0.8756257658665865
0.09118345014370766
0.8139708898736945
0.0911834497733022
0.8139708415477782
0.08957074158647432
0.8140794939656417
0.08957074498986421
0.8140794898075192
0.01351167394963759
0.875973126024622
0.013511673956603246
0.8759731260993581
0.003623414431546748
0.8757450729578593
0.0036234144290242663
0.8757450729607881
0.0011310361565692777
0.8716729339781739
0.0011310361565702192
0.8716729339781343
0.0013153458922864373
0.8697722461564794
0.0013153458922873465
0.8697722461564775
0.0013153458922870382
0.8697722461564841
0.0013153458922869582
0.869772246156473
0.0011310361565687102
0.8716729339779237
0.0011310361565705384
0.8716729339783842
0.0036234144301569692
0.8757450729453786
0.0036234144304141593
0.8757450729732683
0.013511673955551777
0.875973126608921
0.01351167395068914
0.8759731255150578
0.0895707434562843
0.8140795094330493
0.08957074312005468
0.8140794743401109
0.08939114258641896
0.8123662840767872
0.08939114471170263
0.812366280156359
0.012803806430684211
0.8782319760416607
0.01280380650843502
0.8782319759643852
0.00288848167089453
0.8774436781467345
0.0028884816691784297
0.8774436781497688
0.0021701241246194604
0.8730199930487549
0.0021701241245862947
0.8730199930487865
0.0019088510141050366
0.8721500343488289
0.0019088510141057136
0.8721500343488293
0.0019088510141054733
0.8721500343488282
0.0019088510141054339
0.8721500343488303
0.0021701241246005355
0.8730199930484068
0.0021701241246053875
0.8730199930491336
0.0028884816699813565
0.8774436781521432
0.0028884816700917204
0.8774436781443584
0.012803806474909833
0.8782319767750915
0.012803806464209568
0.8782319752309549
0.08939114370999675
0.8123662749116941
0.08939114358812487
0.8123662893214512
0.08934232521492083
0.8133763971374355
0.08934232499184391
0.8133763975109793
0.012906012959802872
0.8758318116307913
0.01290601306148052
0.8758318114814418
0.0034688436110146435
0.8763990887713443
0.003468843610984023
0.8763990887713433
0.002050034822669516
0.8765380605600357
0.0020500348226225457
0.8765380605601052
0.0011582187059318168
0.8754344946059575
0.0011582187059318882
0.8754344946059567
0.0011582187059317572
0.8754344946059507
0.001158218705931839
0.875434494605964
0.002050034822643607
0.8765380605599514
0.00205003482264855
0.8765380605601903
0.0034688436110426476
0.8763990887890425
0.0034688436109558884
0.8763990887536441
0.012906013015814465
0.8758318117545902
0.01290601300546891
0.875831811357642
0.08934232503108253
0.8133763728299721
0.08934232517568207
0.8133764218184432
0.08997072591775229
0.8130564413760463
0.08997072362083365
0.8130564456580957
0.013108821686633902
0.877426937180724
0.013108821755420792
0.8774269371138409
0.003030045894975946
0.8798549129168511
0.003030045896537566
0.8798549129138158
0.001378080640205069
0.8782227714322188
0.00137808064017075
0.8782227714322537
0.0011034236809134277
0.8740614711675397
0.0011034236809129225
0.8740614711675401
0.0011034236809130786
0.8740614711675345
0.001103423680913122
0.8740614711675446
0.0013780806401866362
0.8782227714324848
0.0013780806401890756
0.8782227714319879
0.0030300458958686972
0.8798549129285236
0.0030300458956447635
0.8798549129021437
0.013108821723223429
0.8774269365667522
0.013108821718831315
0.877426937727813
0.08997072461175011
0.8130564270853012
0.08997072492683555
0.8130564599488406
0.09031251161366859
0.8158354290306202
0.09031250862619468
0.8158354327910908
0.013323222245966819
0.8774348366748717
0.013323222246625813
0.8774348367596765
0.002399626751090369
0.8789598376635859
0.0023996267532920617
0.8789598376606567
0.0007634902545726957
0.87726188423965
0.0007634902545687605
0.8772618842396156
0.0016683861395054584
0.87695084191026
0.0016683861395046895
0.876950841910262
0.0016683861395049417
0.8769508419102624
0.0016683861395050742
0.8769508419102601
0.0007634902545714642
0.8772618842399911
0.0007634902545701982
0.8772618842392745
0.0023996267523063823
0.8789598376571508
0.002399626752075926
0.8789598376670911
0.013323222244516417
0.8774348359584742
0.01332322224807614
0.8774348374760745
0.09031250996831408
0.8158354395503135
0.09031251027154885
0.8158354222713984
0.08998685254959583
0.8172541353439627
0.08998685053910513
0.8172541346921014
0.014035644083088335
0.8792140427389274
0.014035644019675528
0.879214042887735
0.0034200476805702467
0.8781255492962021
0.003420047682174614
0.8781255492964087
0.0009608083220102065
0.8776033777433122
0.0009608083220368855
0.8776033777432443
0.0005924186674423055
0.8789484693204607
0.0005924186674416713
0.8789484693204614
0.0005924186674419382
0.8789484693204672
0.0005924186674420111
0.878948469320455
0.0009608083220254866
0.8776033777433773
0.0009608083220214835
0.8776033777431795
0.003420047681428078
0.8781255492783104
0.0034200476813166596
0.8781255493143009
0.014035644046850601
0.8792140426614403
0.014035644055913093
0.8792140429652213
0.0899868514806364
0.8172541598014771
0.08998685160806458
0.8172541102345884
0.09032606549324607
0.8172125825124611
0.0903260654888305
0.8172125781215274
0.013471534449197435
0.8818450508447992
0.013471534360317578
0.881845050903658
0.003085250066257576
0.8809236747446567
0.00308525006643177
0.880923674747786
0.0013126453559210104
0.8780573306540476
0.0013126453559618512
0.8780573306540145
0.00032628349783985215
0.8781230158961035
0.0003262834978397163
0.8781230158961018
0.0003262834978397579
0.8781230158961078
0.0003262834978397538
0.8781230158960969
0.0013126453559435926
0.8780573306537673
0.001312645355939219
0.8780573306542945
0.0030852500663145176
0.8809236747338187
0.0030852500663749866
0.880923674758625
0.013471534400115328
0.88184505148675
0.013471534409399763
0.8818450502617072
0.09032606554415443
0.8172125956055032
0.09032606543792232
0.8172125650284845
0.09058026729606199
0.8203915989406797
0.09058026916949755
0.820391595352624
0.013460177257478449
0.8814457928067225
0.013460177193044435
0.8814457927147612
0.0033621606850295707
0.8812420822883283
0.003362160683772213
0.8812420822911432
0.0010850015435328693
0.879947421977304
0.0010850015435646975
0.8799474219773418
0.0002776605666852139
0.8771840128013924
0.00027766056668559704
0.8771840128013908
0.0002776605666855564
0.8771840128013904
0.0002776605666854828
0.877184012801393
0.0010850015435500207
0.8799474219769685
0.0010850015435476376
0.8799474219776756
0.00336216068430684
0.881242082295754
0.003362160684495082
0.8812420822837177
0.013460177223036052
0.8814457935042177
0.013460177227487002
0.8814457920172655
0.0905802683662826
0.8203915871246756
0.09058026809927724
0.8203916071686277
0.09019459565368339
0.8210385693755875
0.09019459826579826
0.8210385703015515
0.01325138072842733
0.8829547990307891
0.013251380721815822
0.8829547988831258
0.003614812120241123
0.8833134047565958
0.003614812118328094
0.883313404756185
0.001512192724470473
0.8794610680135911
0.0015121927244766973
0.8794610680136609
0.00028328816822300077
0.8772244038411909
0.0002832881682236481
0.8772244038411916
0.0002832881682234245
0.8772244038411845
0.0002832881682233888
0.8772244038411985
0.0015121927244731313
0.8794610680135473
0.001512192724473914
0.8794610680137036
0.0036148121191818972
0.883313404774608
0.00361481211938742
0.8833134047381735
0.013251380726363213
0.8829547990625066
0.013251380723879932
0.8829547988514075
0.09019459709593587
0.8210385448677796
0.09019459682354602
0.8210385948093595
0.08959880601780858
0.8205540343046909
0.08959880790156963
0.8205540387855389
0.013461760385350035
0.8840462241078442
0.013461760436361114
0.8840462240572545
0.003002305990213348
0.8848124151094447
0.0030023059887266494
0.8848124151062338
0.0012048492952207094
0.881311123810992
0.0012048492951996239
0.8813111238110207
0.0012449030862488888
0.8775259398948099
0.0012449030862494354
0.8775259398948105
0.0012449030862491045
0.8775259398948059
0.0012449030862491178
0.8775259398948143
0.0012048492952085156
0.881311123811285
0.0012048492952118715
0.8813111238107286
0.0030023059894150137
0.8848124151194092
0.003002305989525076
0.8848124150962702
0.013461760414662956
0.8840462234411977
0.01346176040704844
0.8840462247239016
0.08959880702443469
0.820554022457384
0.08959880689494337
0.8205540506328444
0.08991890805316198
0.8209532945521152
0.08991890823416353
0.8209532979525229
0.013447673275417727
0.8853808502876677
0.01344767335258487
0.8853808503864495
0.002489772407132474
0.8851654037894794
0.002489772406851023
0.885165403786789
0.0009407036295228722
0.8818359515121026
0.0009407036294876285
0.8818359515120616
0.0015489392991218536
0.8795311782649065
0.0015489392991220804
0.8795311782649071
0.0015489392991220115
0.8795311782649098
0.0015489392991220284
0.8795311782649038
0.0009407036295033401
0.881835951512429
0.000940703629507267
0.8818359515117351
0.0024897724070111447
0.8851654037810932
0.002489772406972247
0.8851654037951739
0.013447673318139678
0.8853808496123328
0.013447673309862879
0.8853808510617853
0.08991890810651712
0.8209533076099607
0.0899189081808082
0.8209532848946781
0.09010451429032143
0.8232938568857145
0.09010451278134649
0.8232938556869978
0.012836495421569682
0.886238661143729
0.012836495481276682
0.8862386612897101
0.002674110553253238
0.884023985027979
0.002674110554251259
0.8840239850285935
0.0012829105309285077
0.8811107111311767
0.0012829105308992676
0.8811107111311087
0.001091008742773029
0.881821328393441
0.0010910087427726928
0.881821328393442
0.0010910087427726802
0.8818213283934477
0.0010910087427727566
0.8818213283934351
0.0012829105309127074
0.8811107111311993
0.0012829105309150567
0.8811107111310867
0.002674110553830664
0.8840239850099179
0.0026741105536736078
0.8840239850466538
0.012836495453623531
0.8862386611584335
0.012836495449222662
0.8862386612750075
0.09010451342361843
0.8232938813391956
0.09010451364804946
0.8232938312335178
0.08944831128149577
0.8252272810142327
0.0894483090126858
0.8252272764559235
0.013176713308015883
0.8852450270970382
0.01317671331895824
0.8852450271391672
0.003225107349732948
0.884968460816083
0.003225107351384829
0.8849684608193671
0.0014442844201554752
0.8830198481273408
0.0014442844201476327
0.8830198481273158
0.0009352491594037223
0.8813499408144452
0.0009352491594031417
0.8813499408144445
0.0009352491594032848
0.881349940814449
0.0009352491594033546
0.8813499408144407
0.0014442844201517405
0.8830198481270366
0.0014442844201513544
0.8830198481276219
0.003225107350649855
0.8849684608070365
0.003225107350467713
0.884968460828415
0.013176713312680253
0.8852450277866244
0.013176713314293733
0.8852450264495818
0.08944831002567516
0.8252272915578946
0.0894483102685063
0.8252272659122615
0.08954003536726929
0.8239284978729318
0.08954003362083643
0.8239284946711576
0.012800310649068244
0.8866262435858183
0.012800310608486597
0.8866262434805177
0.002879796674217181
0.8869725087352374
0.002879796675582863
0.886972508737791
0.001663891775117401
0.8841872680676435
0.0016638917751339137
0.8841872680676879
0.0015004736815807979
0.8827571429773255
0.0015004736815802983
0.8827571429773238
0.001500473681580645
0.8827571429773232
0.0015004736815806797
0.8827571429773271
0.0016638917751269355
0.884187268067328
0.0016638917751242049
0.8841872680680032
0.002879796674953366
0.8869725087445627
0.0028797966748466903
0.8869725087284654
0.012800310625598185
0.8866262442367241
0.012800310631956538
0.8866262428296112
0.0895400344299993
0.8239284835973217
0.08954003455810632
0.8239285089467688
0.08934496949791555
0.8238231236911511
0.08934496918814075
0.823823125158097
0.013580596948463034
0.8861783393062721
0.01358059688174382
0.8861783391624469
0.0035465596374526253
0.8864765331018984
0.0035465596378092745
0.886476533101082
0.0013328090230950748
0.8864118499734227
0.0013328090231253024
0.8864118499734898
0.0006858623669268917
0.8859650189377293
0.0006858623669266854
0.8859650189377288
0.0006858623669267569
0.8859650189377222
0.0006858623669267739
0.8859650189377362
0.0013328090231119261
0.8864118499734222
0.001332809023108488
0.8864118499734897
0.0035465596376201072
0.8864765331199544
0.003546559637641956
0.8864765330830272
0.013580596911432409
0.8861783392450803
0.013580596918774432
0.8861783392236378
0.08934496936738388
0.8238230993592639
0.08934496931867233
0.8238231494899846
0.09032923458044533
0.8238183797615406
0.09032923578222599
0.8238183843800522
0.013595866319603783
0.8881243471153453
0.013595866264694258
0.8881243470818027
0.003280544231191569
0.8895811638930564
0.0032805442304110538
0.8895811638897135
0.0007880895413359085
0.8866492839665499
0.0007880895413625576
0.886649283966571
0.00012091052754730726
0.8850015394694983
0.00012091052754747712
0.8850015394695014
0.00012091052754749598
0.8850015394694952
0.00012091052754745093
0.8850015394695032
0.0007880895413502618
0.8866492839668649
0.0007880895413480878
0.8866492839662554
0.0032805442307364038
0.8895811639011615
0.003280544230866422
0.88958116388161
0.013595866290012684
0.888124346405186
0.013595866294285542
0.8881243477919607
0.09032923527512007
0.8238183705478039
0.09032923508755165
0.8238183935937878
0.09126952596385522
0.8272595636974277
0.0912695279261771
0.8272595666902086
0.013558617661352565
0.8898945864924459
0.01355861764729091
0.889894586603869
0.002397185863326886
0.8898896455977728
0.0023971858619071607
0.8898896455953602
0.0005397840898481315
0.8858436271965482
0.000539784089856994
0.8858436271965012
0.00027459066011178274
0.8835786305711877
0.00027459066011229985
0.8835786305711874
0.00027459066011217674
0.8835786305711908
0.000274590660112128
0.8835786305711855
0.0005397840898525068
0.8858436271968533
0.0005397840898526273
0.8858436271961954
0.0023971858625367742
0.8898896455875425
0.002397185862697453
0.8898896456055891
0.01355861765477982
0.8898945858678362
0.013558617653863965
0.8898945872284778
0.09126952705278649
0.827259579132303
0.09126952683724573
0.8272595512553336
0.09043109069207836
0.8308313599171568
0.0904310922998581
0.8308313581883611
0.01366763007459094
0.8904455941736491
0.013667630106346428
0.8904455943147729
0.0030423108420968977
0.8884943129914662
0.00304231084085061
0.8884943129924809
0.0008361439817781576
0.8855945704564867
0.0008361439817655707
0.8855945704564182
0.00024633892710410586
0.8838666721176462
0.0002463389271045883
0.8838666721176456
0.00024633892710428985
0.8838666721176529
0.00024633892710418165
0.883866672117639
0.0008361439817709058
0.8855945704564658
0.0008361439817731382
0.8855945704564403
0.003042310841422733
0.8884943129734846
0.0030423108415247478
0.8884943130104616
0.013667630093103024
0.8904455942806708
0.013667630087834363
0.8904455942077523
0.09043109155829678
0.8308313840356366
0.09043109143363992
0.8308313340698799
0.08958284891555593
0.829912683464922
0.08958284931908261
0.8299126788028559
0.013075422533792343
0.8930786435169851
0.013075422591132797
0.8930786435418233
0.003032820064193493
0.8904844632677568
0.003032820063786002
0.8904844632711496
0.0014973472947161092
0.8861125975288588
0.0014973472946902652
0.8861125975288431
0.0009478479668203873
0.8837934428038682
0.0009478479668206151
0.8837934428038671
0.0009478479668205144
0.8837934428038703
0.0009478479668205392
0.8837934428038641
0.0014973472947015678
0.8861125975285338
0.0014973472947046353
0.8861125975291684
0.0030328200639937455
0.8904844632606232
0.0030328200639856
0.8904844632782836
0.013075422565701052
0.8930786442449187
0.013075422559224153
0.8930786428138904
0.08958284910333439
0.829912691320175
0.08958284913130406
0.8299126709476021
0.08923114053674433
0.8296960152347621
0.0892311395955316
0.8296960124624888
0.012848718981616214
0.892111056500025
0.012848719031731654
0.8921110563828731
0.003094172890427579
0.8916322309059115
0.003094172891025321
0.8916322309081729
0.0013078350949349555
0.888025178498848
0.0013078350949107596
0.8880251784988993
0.0016694540691018596
0.885568184956587
0.0016694540691016707
0.885568184956586
0.0016694540691017516
0.8855681849565836
0.0016694540691017767
0.8855681849565898
0.0013078350949219204
0.8880251784985553
0.001307835094923956
0.8880251784991919
0.003094172890779793
0.8916322309170047
0.003094172890672985
0.8916322308970785
0.012848719008718347
0.8921110570958155
0.012848719004629389
0.8921110557870842
0.08923113998841742
0.8296959987014398
0.08923114014385822
0.8296960289958124
0.08950685069878914
0.8294034785318687
0.08950684901220907
0.8294034805171828
0.012718717571329804
0.8927456600686483
0.01271871758747024
0.8927456599307304
0.0030797350180341793
0.8926397427609347
0.0030797350192466886
0.892639742759725
0.0016962507696739483
0.8885826931231424
0.0016962507696644579
0.8885826931232079
0.0011007437552458016
0.8876610002168103
0.0011007437552454044
0.8876610002168099
0.0011007437552454737
0.8876610002168036
0.001100743755245512
0.8876610002168166
0.0016962507696691663
0.8885826931231853
0.0016962507696692145
0.8885826931231657
0.003079735018710786
0.8926397427787758
0.0030797350185698775
0.8926397427418848
0.01271871757921799
0.8927456599159547
0.01271871757958167
0.892745660083424
0.08950684976043607
0.829403454721228
0.08950684995056184
0.8294035043278247
0.0900314987481268
0.8302721902321628
0.09003149728017795
0.8302721949223406
0.01298819192351592
0.8921236152125618
0.012988191899134829
0.892123615196533
0.0027588042197988156
0.893028248590237
0.0027588042209280104
0.8930282485868078
0.0013193296267942625
0.8904925701964355
0.0013193296268036014
0.890492570196447
0.0009155128732179855
0.8884875274848985
0.0009155128732175478
0.8884875274849005
0.0009155128732177915
0.8884875274848965
0.0009155128732178167
0.8884875274849031
0.0013193296267997162
0.8904925701967688
0.0013193296267978404
0.8904925701961135
0.002758804220411578
0.8930282485963714
0.002758804220315265
0.8930282485806744
0.012988191909160906
0.8921236144692382
0.01298819191348969
0.8921236159398562
0.0900314979544736
0.8302721837733618
0.09003149807383086
0.830272201381143
0.0902797621196835
0.8310174856630967
0.09027976165397657
0.8310174882052983
0.013401723157949694
0.893154677708233
0.013401723108928554
0.8931546778307244
0.002496066576710419
0.8934881445797576
0.002496066577147998
0.8934881445776581
0.0007799860504734702
0.8917190991535843
0.0007799860504954317
0.8917190991535331
0.0009537015253645725
0.8886973581228887
0.0009537015253643359
0.8886973581228899
0.0009537015253644773
0.8886973581228921
0.0009537015253644808
0.888697358122887
0.0007799860504858878
0.891719099153865
0.0007799860504832638
0.8917190991532511
0.0024960665769304304
0.8934881445678324
0.0024960665769281462
0.8934881445895826
0.013401723130597282
0.893154677143372
0.013401723136281091
0.8931546783955853
0.09027976189267173
0.8310175032473848
0.09027976188098849
0.831017470621011
0.09042386832505038
0.8328152863681028
0.09042386904906773
0.8328152841327278
0.013308449059052707
0.8944989807324961
0.013308449013624022
0.8944989808667805
0.002887209265008663
0.8929805134524995
0.002887209264562111
0.8929805134539
0.0007788772746118395
0.8903878171744952
0.0007788772746336106
0.8903878171744303
0.0006057135876706587
0.8908988706839303
0.0006057135876708118
0.8908988706839307
0.0006057135876707724
0.8908988706839375
0.0006057135876707172
0.8908988706839231
0.0007788772746236479
0.8903878171744308
0.0007788772746217452
0.8903878171744939
0.002887209264742002
0.8929805134348534
0.002887209264828857
0.8929805134715461
0.013308449034406637
0.8944989809304534
0.013308449038270087
0.8944989806688217
0.09042386875096955
0.8328153098030544
0.09042386862314897
0.8328152606977755
0.08990482259167729
0.8336755826957105
0.08990482403482347
0.8336755779947977
0.013588081742594788
0.8951473825955909
0.013588081725187377
0.8951473826027687
0.0034791776371247032
0.8939959917523055
0.003479177636094129
0.8939959917557583
0.0008823396476515514
0.8910745255358781
0.0008823396476612469
0.8910745255358674
0.0001420607323522453
0.890524762721187
0.0001420607323526037
0.8905247627211856
0.00014206073235251284
0.8905247627211884
0.00014206073235244519
0.8905247627211834
0.0008823396476565078
0.8910745255355359
0.0008823396476562364
0.8910745255362095
0.0034791776365480347
0.8939959917471907
0.0034791776366710353
0.8939959917608724
0.01358808173385914
0.8951473833516763
0.01358808173392343
0.8951473818466827
0.08990482339674777
0.8336755877405129
0.0899048232297529
0.8336755729499928
0.08994918902369274
0.833445225305396
0.08994919035529819
0.8334452230021776
0.013117449860764524
0.8971050728799606
0.013117449879006683
0.8971050727525992
0.0028590169761060517
0.8965050641771369
0.002859016975089214
0.8965050641790708
0.001281696834355004
0.891506864371594
0.0012816968343482512
0.8915068643716505
0.0004125921439670829
0.8894572754112133
0.00041259214396738666
0.8894572754112137
0.0004125921439672428
0.8894572754112091
0.0004125921439672179
0.889457275411217
0.001281696834351088
0.8915068643713271
0.0012816968343525561
0.8915068643719166
0.00285901697555263
0.8965050641898458
0.0028590169756426624
0.8965050641663604
0.013117449871646739
0.8971050734120236
0.01311744986812451
0.8971050722205349
0.0899491897459537
0.8334452067387819
0.0899491896330373
0.8334452415687912
0.08987556950844285
0.8352408749524172
0.08987557001273189
0.83524087742883
0.013287822961825823
0.8969090578813882
0.013287823003478078
0.8969090577512595
0.003109400998776003
0.8959507599979087
0.003109400998324252
0.8959507599963228
0.0011890753463792423
0.8930842608232017
0.0011890753463606766
0.8930842608232636
0.00037706336306747926
0.8901065136291366
0.0003770633630676727
0.8901065136291368
0.0003770633630675583
0.8901065136291296
0.00037706336306751406
0.8901065136291428
0.001189075346368754
0.8930842608232852
0.0011890753463709256
0.8930842608231798
0.0031094009985448883
0.8959507600152917
0.003109400998555208
0.8959507599789391
0.013287822985132586
0.8969090576391279
0.013287822980171232
0.8969090579935202
0.08987556976111816
0.8352408519838053
0.08987556976005648
0.8352409003974411
0.0898899871477078
0.8354414542331414
0.08988998660499302
0.8354414589276468
0.013167908363667956
0.898107113712136
0.0131679084045931
0.8981071137138394
0.003043108149566246
0.8976106390380569
0.003043108149887801
0.8976106390345915
0.001027415849053346
0.8934618451055905
0.0010274158490339472
0.8934618451055931
0.000682412430907226
0.8899484208388829
0.0006824124309071485
0.8899484208388835
0.0006824124309071644
0.8899484208388805
0.0006824124309071302
0.8899484208388861
0.0010274158490427916
0.8934618451059387
0.001027415849044523
0.8934618451052466
0.003043108149761886
0.8976106390421345
0.0030431081496920644
0.8976106390305143
0.013167908385937302
0.8981071129461535
0.0131679083823238
0.8981071144798228
0.08988998682431776
0.835441450618734
0.08988998692838285
0.8354414625420541
0.08989367527934664
0.8358848014008906
0.08989367405250377
0.8358848034568181
0.012975259942357672
0.8991989222024177
0.012975259960375511
0.89919892233423
0.0023445990826483337
0.8986588978505106
0.002344599083518289
0.898658897848751
0.0008469748996812116
0.8933462756404689
0.0008469748996714291
0.893346275640412
0.0014605193422400449
0.890610664088821
0.0014605193422397185
0.8906106640888212
0.0014605193422398896
0.8906106640888252
0.0014605193422399382
0.8906106640888181
0.000846974899676159
0.8933462756407208
0.0008469748996764693
0.8933462756401598
0.0023445990831366323
0.8986588978370592
0.0023445990830298
0.8986588978622017
0.012975259951561909
0.8991989217051031
0.012975259951171096
0.8991989228315459
0.0898936745930084
0.8358848208847809
0.08989367473884195
0.8358847839729301
0.08978986263627839
0.8374286768657258
0.08978986143635742
0.8374286741556001
0.013080834562888975
0.8990842747854626
0.013080834549705687
0.8990842749110168
0.002722151749923736
0.8974041364028131
0.0027221517508337905
0.8974041364045805
0.0011046284937908362
0.8938405295563991
0.0011046284937953907
0.893840529556339
0.0011021464947138884
0.8929617862162292
0.001102146494713555
0.8929617862162302
0.0011021464947137578
0.892961786216236
0.0011021464947137424
0.8929617862162235
0.0011046284937935697
0.8938405295562931
0.0011046284937923688
0.8938405295564452
0.0027221517504204297
0.8974041363857498
0.002722151750337099
0.897404136421645
0.013080834554880216
0.899084275071381
0.01308083455771434
0.8990842746250988
0.08978986198348775
0.8374286992903447
0.08978986208914819
0.8374286517309826
0.08983276900213097
0.8375169975825885
0.08983276847899385
0.8375169929100791
0.012705065137163199
0.9000312804319741
0.012705065101975615
0.9000312804213887
0.0028554790259631723
0.8981096179037347
0.002855479026416542
0.8981096179071981
0.0015421041969847793
0.8945503968346283
0.0015421041970003126
0.8945503968346279
0.0007860913764031369
0.8940028403101978
0.0007860913764029602
0.8940028403101951
0.0007860913764029995
0.8940028403101987
0.0007860913764030496
0.8940028403101945
0.0015421041969935732
0.8945503968342756
0.0015421041969916123
0.8945503968349805
0.002855479026198044
0.8981096179007109
0.002855479026181919
0.8981096179102237
0.01270506511741484
0.9000312812053131
0.012705065121724153
0.900031279648049
0.08983276873519613
0.8375169997493261
0.08983276874592869
0.8375169907433417
0.08958381431502001
0.8377603615132174
0.08958381470859864
0.8377603597121148
0.01303480169877949
0.8993498579577837
0.013034801662134648
0.899349857822012
0.002983585898281885
0.8991166057293256
0.0029835858980620652
0.8991166057309029
0.0011361221775553058
0.8967756682276062
0.001136122177572604
0.8967756682276661
0.0008761755644510322
0.8940677284749642
0.0008761755644511052
0.8940677284749629
0.0008761755644511699
0.8940677284749596
0.0008761755644511157
0.8940677284749681
0.0011361221775647568
0.8967756682273702
0.0011361221775631038
0.8967756682279009
0.002983585898144379
0.8991166057434687
0.002983585898199718
0.8991166057167592
0.013034801678783136
0.8993498584184805
0.013034801682130987
0.8993498573613155
0.08958381455372241
0.8377603411808967
0.08958381446989651
0.8377603800444358
0.089700455739427
0.8375924402944346
0.08970045677617433
0.8375924432278017
0.013144926687487603
0.900124686279969
0.013144926669379144
0.9001246861594652
0.0031121491520444164
0.9001762979693768
0.003112149151314741
0.9001762979674377
0.001069572803848553
0.8968436542346208
0.0010695728038580682
0.8968436542346798
0.0005391931661380463
0.8954886374155413
0.0005391931661382886
0.8954886374155421
0.0005391931661381049
0.8954886374155349
0.000539193166138078
0.8954886374155486
0.0010695728038535846
0.8968436542347459
0.0010695728038531555
0.8968436542345553
0.003112149151633523
0.9001762979860571
0.003112149151725685
0.9001762979507576
0.013144926678117844
0.9001246859514445
0.013144926678748965
0.9001246864879893
0.08970045632114756
0.8375924184962917
0.08970045619445419
0.8375924650259424
0.08989365665740914
0.8379341984168642
0.08989365773232379
0.8379342030500176
0.013573094622665769
0.9010790548550618
0.013573094631718165
0.9010790548744847
0.003027774559744537
0.90088275236526
0.0030277745589345926
0.9008827523618071
0.0008168275804197437
0.8974796886782173
0.0008168275804168433
0.8974796886782147
0.00017782047858994553
0.8960293658449507
0.00017782047859023935
0.8960293658449519
0.00017782047859004973
0.896029365844949
0.00017782047858997128
0.8960293658449525
0.0008168275804179359
0.8974796886785743
0.0008168275804187808
0.8974796886778575
0.0030277745593012247
0.9008827523672203
0.0030277745593777815
0.9008827523598469
0.013573094628317463
0.9010790540771749
0.013573094626066581
0.9010790556523712
0.08989365724384629
0.8379341977032324
0.08989365714588662
0.8379342037636471
0.0902291992489771
0.8389292393813101
0.09022919977592084
0.838929240921503
0.013532966400465127
0.9025111166722584
0.013532966429990101
0.9025111168115116
0.0025880430127000545
0.9019929981825632
0.002588043012254782
0.9019929981811702
0.0005291788449338026
0.8978442523525207
0.0005291788449208852
0.897844252352457
0.0003027079171414052
0.8950293749209504
0.00030270791714161313
0.895029374920951
0.0003027079171415907
0.8950293749209559
0.00030270791714156824
0.8950293749209451
0.0005291788449264621
0.8978442523527381
0.0005291788449281881
0.897844252352239
0.0025880430124671
0.9019929981677766
0.0025880430124875097
0.9019929981959551
0.013532966417088892
0.9025111162496814
0.01353296641336621
0.9025111172340902
0.09022919952140447
0.8389292604902954
0.09022919950349319
0.8389292198125172
0.09007846349252549
0.8411690516935235
0.0900784632211182
0.8411690485474509
0.013153705486653027
0.9042199501091762
0.013153705519280946
0.9042199502242048
0.0026129415993577177
0.9016755801119372
0.0026129415994951485
0.9016755801140435
0.0008659017839440998
0.8969009050853602
0.0008659017839287358
0.8969009050853045
0.0003337367625723092
0.8948966151686228
0.0003337367625722826
0.8948966151686226
0.000333736762572182
0.8948966151686301
0.00033373676257223073
0.8948966151686161
0.0008659017839357019
0.8969009050852154
0.0008659017839371487
0.8969009050854503
0.0026129415994479268
0.9016755800956999
0.0026129415994047326
0.9016755801302823
0.013153705504505245
0.9042199504790521
0.013153705501428532
0.9042199498543282
0.09007846332350244
0.8411690727884618
0.09007846339014097
0.8411690274525125
0.08946822848518263
0.8432357530715566
0.08946822761500839
0.8432357484942405
0.013113844568107894
0.9039415691660762
0.013113844585917118
0.9039415691378878
0.0031531935006786317
0.9017220929404864
0.003153193501286004
0.9017220929439145
0.001095220467794015
0.8974228720635504
0.0010952204677847901
0.897422872063558
0.0006531550523518853
0.8950396496446025
0.0006531550523516572
0.8950396496446019
0.0006531550523518185
0.8950396496446036
0.0006531550523518643
0.8950396496446011
0.001095220467789009
0.8974228720631907
0.0010952204677895506
0.8974228720639174
0.0031531935010219014
0.9017220929395964
0.0031531935009427104
0.9017220929448054
0.01311384457741362
0.9039415699456951
0.013113844576611383
0.9039415683582688
0.0894682279953591
0.8432357523308815
0.08946822810483196
0.8432357492349174
0.08928810826236593
0.8417185280311406
0.0892881073049859
0.8417185267574976
0.012659984253659667
0.9052984797290433
0.012659984247948931
0.9052984795867999
0.0027336417380868757
0.9039789656190189
0.002733641738803785
0.9039789656202207
0.001474675001644978
0.8983580890259192
0.001474675001646399
0.8983580890259815
0.001349135758300808
0.895413204735286
0.0013491357583005378
0.8954132047352841
0.0013491357583008403
0.8954132047352802
0.0013491357583008128
0.8954132047352892
0.001474675001646046
0.8983580890257175
0.001474675001645302
0.8983580890261831
0.0027336417384803266
0.9039789656343951
0.002733641738410489
0.9039789656048434
0.012659984249924709
0.9052984801119427
0.012659984251683945
0.9052984792039014
0.0892881077386394
0.8417185062221839
0.08928810782871241
0.8417185485664558
0.0893787048521979
0.8414299197236901
0.08937870433329381
0.8414299230714566
0.012781235673043626
0.9045636656533365
0.01278123564844981
0.9045636655441964
0.002822230663377066
0.9038633656693311
0.002822230663806949
0.9038633656670635
0.0012845219804966553
0.9000358869519577
0.0012845219805072928
0.900035886952011
0.001239408383350456
0.8979646643996297
0.0012394083833503077
0.8979646643996304
0.0012394083833502838
0.8979646643996237
0.0012394083833502899
0.8979646643996365
0.0012845219805027977
0.9000358869521228
0.0012845219805013416
0.9000358869518469
0.0028222306636036254
0.9038633656850672
0.0028222306635805067
0.9038633656513279
0.012781235659147731
0.9045636652433797
0.012781235662345833
0.904563665954152
0.08937870458123724
0.8414298994093699
0.08937870460425475
0.8414299433857777
0.08992758640216077
0.8417071616703998
0.08992758657486585
0.8417071661760356
0.01295969831732482
0.9048299377632796
0.012959698288437724
0.9048299378001425
0.00284255281813177
0.9043268265969109
0.0028425528180599435
0.9043268265935209
0.0011003173813794796
0.9009235522692509
0.001100317381392995
0.9009235522692414
0.0005840900029649712
0.8991140629462138
0.0005840900029649552
0.8991140629462153
0.0005840900029650371
0.8991140629462129
0.0005840900029650193
0.8991140629462158
0.001100317381386811
0.9009235522696123
0.0011003173813854783
0.9009235522688799
0.002842552818079473
0.9043268265967273
0.002842552818112453
0.9043268265937032
0.01295969830147833
0.9048299369846342
0.012959698304284496
0.9048299385787888
0.08992758651459064
0.8417071638652535
0.08992758646243626
0.8417071639811815
0.09049243161631587
0.8427255245688191
0.09049243234172064
0.8427255255714658
0.013007179459945749
0.9054558750901269
0.013007179442730927
0.9054558752348596
0.0024106164272569078
0.9052120670303254
0.0024106164267551355
0.9052120670293186
0.0007269928289010734
0.9011934559534949
0.0007269928289098434
0.9011934559534288
0.00066613279183746
0.8989035223102706
0.0006661327918376962
0.8989035223102716
0.0006661327918375998
0.898903522310277
0.0006661327918375815
0.8989035223102659
0.0007269928289059638
0.9011934559536776
0.000726992828905354
0.9011934559532455
0.002410616426972279
0.9052120670144124
0.002410616427039833
0.9052120670452302
0.013007179450880282
0.905455874748272
0.01300717945179637
0.9054558755767148
0.09049243202606894
0.8427255470026844
0.09049243193196752
0.8427255031376002
0.08982026485066388
0.8441584250481329
0.08982026569878457
0.8441584215102217
0.013462440763530991
0.9058108149539663
0.013462440766576756
0.9058108150568439
0.002797300349435659
0.904587469266223
0.002797300348804477
0.9045874692686415
0.0006820125878828449
0.9014522053353009
0.000682012587882502
0.9014522053352494
0.0004319940026124778
0.8997207972966671
0.0004319940026127049
0.8997207972966649
0.00043199400261242357
0.8997207972966719
0.00043199400261240356
0.899720797296659
0.0006820125878824021
0.9014522053351177
0.0006820125878828785
0.9014522053354317
0.002797300349088412
0.9045874692510418
0.0027973003491516112
0.9045874692838238
0.013462440765728006
0.9058108154026131
0.013462440764379727
0.9058108146081969
0.08982026531582868
0.8441584445138226
0.08982026523361994
0.8441584020445311
0.0896757701497249
0.8443182841827993
0.08967577065196568
0.8443182797642768
0.013200490028810082
0.907465799310466
0.013200490049140695
0.907465799265063
0.003084335092967014
0.9052853492039001
0.0030843350925576773
0.9052853492072424
0.00104533247281369
0.9011478390175967
0.0010453324728049345
0.9011478390176132
0.00021294163509615573
0.9004970272307828
0.00021294163509629404
0.9004970272307817
0.00021294163509628255
0.9004970272307822
0.00021294163509629163
0.9004970272307817
0.0010453324728085928
0.9011478390172369
0.001045332472809839
0.9011478390179735
0.003084335092749952
0.9052853492051551
0.003084335092774684
0.9052853492059872
0.01320049004034175
0.9074658000855061
0.013200490037609003
0.9074657984900238
0.08967577041406836
0.8443182805425935
0.08967577038762195
0.8443182834044813
0.08974055103771113
0.8446239889081353
0.08974055094391435
0.8446239881798102
0.013214673922235676
0.9079306406386668
0.01321467394768498
0.907930640491939
0.003014536999638661
0.9067431055482791
0.003014536999658933
0.9067431055490872
0.0008894654358741164
0.9023834053693092
0.0008894654358623216
0.902383405369376
0.00036472843313459035
0.8997261815139146
0.0003647284331346136
0.8997261815139159
0.00036472843313453695
0.8997261815139097
0.0003647284331345786
0.8997261815139213
0.0008894654358677599
0.9023834053691435
0.0008894654358689578
0.9023834053695412
0.003014536999661045
0.9067431055646737
0.00301453699963642
0.9067431055326931
0.01321467393623179
0.9079306409383645
0.013214673933688678
0.9079306401922409
0.08974055097079253
0.8446239659259536
0.08974055101083274
0.8446240111619925
0.0898296601278354
0.8452386024611412
0.0898296595277418
0.8452386061771946
0.012952966752849644
0.9088519174610542
0.012952966769263986
0.9088519173647833
0.0027954344867427297
0.907831503464094
0.002795434487153659
0.9078315034615312
0.0010331030730912558
0.9024822810291725
0.0010331030730830436
0.9024822810292205
0.0004231559254077328
0.8995524027577302
0.0004231559254076054
0.89955240275773
0.0004231559254076403
0.8995524027577242
0.0004231559254076558
0.8995524027577361
0.0010331030730866767
0.9024822810293741
0.0010331030730873088
0.9024822810290185
0.002795434486976858
0.9078315034786703
0.002795434486919452
0.9078315034469557
0.0129529667615492
0.9088519169752676
0.012952966760564424
0.9088519178505696
0.08982965978756151
0.8452385839097861
0.08982965986801605
0.8452386247285497
0.08981054283520977
0.8464781561754455
0.08981054208781344
0.8464781604913731
0.013031801620647075
0.9091461317610051
0.013031801619700238
0.9091461318147949
0.00276159542601754
0.9078814474706931
0.002761595426570454
0.9078814474674117
0.0010287134118099075
0.90299912726263
0.001028713411809453
0.9029991272626099
0.0005867465288803154
0.9000052501643034
0.000586746528880123
0.9000052501643059
0.0005867465288803531
0.9000052501643041
0.0005867465288803841
0.9000052501643047
0.0010287134118098546
0.9029991272629885
0.0010287134118094519
0.9029991272622511
0.0027615954263225527
0.9078814474683706
0.002761595426265618
0.9078814474697341
0.01303180161967029
0.9091461309923095
0.013031801620677106
0.9091461325834908
0.08981054242424616
0.8464781612478154
0.0898105424987771
0.8464781554190032
0.08988155499206567
0.846743617600825
0.08988155451276567
0.8467436180522075
0.012958856650762183
0.9098107652077028
0.012958856634102038
0.9098107653559089
0.0024905708544155636
0.9086410862195999
0.002490570854800963
0.9086410862189953
0.000851768456262963
0.9038327964686416
0.0008517684562700685
0.9038327964685744
0.0011208593815785252
0.9002196147020205
0.0011208593815783597
0.9002196147020216
0.001120859381578428
0.9002196147020272
0.0011208593815784816
0.9002196147020167
0.000851768456267101
0.9038327964687871
0.0008517684562661003
0.903832796468429
0.0024905708546210563
0.9086410862027818
0.002490570854595536
0.9086410862358127
0.01295885664127131
0.9098107649512406
0.012958856643592916
0.9098107656123702
0.08988155473815096
0.8467436410492224
0.08988155476668046
0.8467435946038111
0.08992452467841075
0.8471101034303252
0.08992452471003184
0.8471100995503169
0.012702149502321698
0.9106568740105081
0.012702149480023411
0.9106568740997999
0.002482075401979592
0.9087430576885855
0.0024820754019991443
0.9087430576912807
0.0010288130609722654
0.9036259554662899
0.0010288130609825113
0.9036259554662449
0.0011147259268813466
0.9018269543165699
0.0011147259268813256
0.9018269543165685
0.0011147259268813419
0.9018269543165751
0.0011147259268813024
0.9018269543165627
0.0010288130609778091
0.9036259554660722
0.0010288130609767145
0.9036259554664635
0.002482075401980576
0.9087430576746718
0.0024820754019982388
0.9087430577051954
0.012702149490027686
0.9106568745315826
0.01270214949231743
0.9106568735787257
0.08992452470920304
0.847110120995292
0.08992452467923973
0.8471100819853494
0.0896419883973172
0.8479046966106181
0.08964198888929101
0.8479046924131683
0.012879623461377731
0.9101493828333906
0.012879623445917202
0.9101493827714118
0.003004968093233234
0.9082713107145512
0.0030049680929001834
0.9082713107177619
0.001117006845711659
0.9044355761438307
0.001117006845719425
0.9044355761438524
0.0006204277115460092
0.9033206024489919
0.0006204277115460729
0.9033206024489899
0.00062042771154602
0.9033206024489915
0.0006204277115460107
0.9033206024489913
0.0011170068457159843
0.9044355761434743
0.0011170068457154326
0.9044355761442093
0.0030049680930425583
0.9082713107179348
0.003004968093090934
0.9082713107143778
0.01287962345313924
0.9101493835929106
0.012879623454155704
0.9101493820118919
0.08964198867748607
0.8479046901235116
0.08964198860912265
0.8479046989002749
0.08986155548255337
0.8474759309367614
0.08986155613771829
0.8474759307641007
0.012781244585755618
0.9107677550534949
0.012781244585082206
0.9107677549043522
0.0027483211118017395
0.9098743684906537
0.0027483211113200475
0.9098743684910571
0.001213121896564572
0.9053721553637879
0.0012131218965656771
0.9053721553638568
0.0005923033325230442
0.9033684074188919
0.0005923033325232745
0.9033684074188923
0.0005923033325230679
0.9033684074188864
0.0005923033325230943
0.9033684074188988
0.001213121896565064
0.905372155363662
0.0012131218965652645
0.9053721553639822
0.0027483211115353528
0.9098743685078345
0.0027483211115862287
0.9098743684738752
0.012781244585781719
0.9107677552657508
0.0127812445850561
0.9107677546920977
0.08986155584370467
0.8474759071066977
0.08986155577656717
0.8474759545941646
0.0897591301031747
0.8476109658330913
0.08975913055509385
0.8476109698645187
0.013161571546653358
0.9107816885769293
0.013161571560169946
0.9107816884949074
0.002831481689137656
0.9102543913214549
0.002831481688778576
0.9102543913186337
0.0008739616507242932
0.9067012801853649
0.0008739616507186961
0.906701280185408
0.00045549842169223705
0.9039705617605069
0.0004554984216923769
0.9039705617605086
0.00045549842169228724
0.903970561760502
0.0004554984216922792
0.9039705617605134
0.0008739616507209475
0.9067012801856014
0.000873961650721871
0.9067012801851724
0.0028314816889452666
0.9102543913346617
0.0028314816889707887
0.910254391305428
0.01316157155439169
0.9107816880222279
0.013161571552431509
0.9107816890496083
0.08975913034389935
0.8476109493113285
0.08975913031436922
0.8476109863862804
0.08989509732372333
0.8480863235370162
0.08989509734019349
0.8480863276018252
0.013340175590615351
0.9115536371466165
0.013340175610054725
0.9115536372165739
0.00296855037487402
0.9106565949410672
0.002968550374824526
0.9106565949379393
0.0006768813009022006
0.9067431019128098
0.0006768813008933036
0.9067431019127821
0.0001184248984964344
0.9047126000818879
0.00011842489849648952
0.9047126000818895
0.00011842489849647934
0.9047126000818898
0.00011842489849649524
0.904712600081887
0.0006768813008973652
0.9067431019131632
0.0006768813008983495
0.9067431019124285
0.0029685503748552687
0.9106565949366356
0.002968550374843277
0.9106565949423712
0.013340175601359895
0.9115536363988128
0.013340175599310281
0.9115536379643765
0.08989509732112641
0.8480863314169098
0.08989509734279011
0.848086319721931
0.09014768230187872
0.8488106589753865
0.0901476819023635
0.8488106588687974
0.01323127463038546
0.9130570563589235
0.013231274644806841
0.9130570565085008
0.0025688463711730173
0.9118870782594678
0.0025688463714398833
0.9118870782592698
0.0005925991160177909
0.906487241824904
0.0005925991160106413
0.9064872418248359
0.0002976385744060232
0.9039681041356191
0.0002976385744059481
0.9039681041356203
0.00029763857440603275
0.9039681041356249
0.0002976385744060512
0.9039681041356131
0.0005925991160138
0.9064872418250091
0.0005925991160143716
0.9064872418247298
0.00256884637132679
0.911887078241981
0.002568846371286181
0.9118870782767557
0.013231274638106354
0.9130570561915627
0.013231274637085934
0.9130570566758609
0.09014768207324314
0.8488106831067088
0.09014768213099891
0.8488106347374753
0.09002138681611672
0.8504787624348922
0.09002138624470785
0.850478758266696
0.013112188454854509
0.9136433733538776
0.013112188456752386
0.9136433734283322
0.002603932283496265
0.9118391753999204
0.002603932283913881
0.9118391754028583
0.0007357357668647084
0.9065405788386083
0.000735735766863148
0.9065405788385692
0.00047373748908264164
0.9037255233652262
0.0004737374890824421
0.9037255233652255
0.0004737374890825285
0.9037255233652304
0.00047373748908253175
0.9037255233652206
0.0007357357668640165
0.906540578838357
0.0007357357668638744
0.906540578838821
0.002603932283727744
0.9118391753874695
0.002603932283682504
0.9118391754153097
0.01311218845555541
0.9136433739401738
0.013112188456051383
0.9136433728420355
0.09002138650034829
0.8504787778537485
0.0900213865604764
0.8504787428478391
0.08959837171769769
0.8512857484939219
0.08959837129593745
0.8512857445762435
0.012750874640812173
0.9147069727258348
0.012750874629973718
0.9147069726481452
0.002803844200328233
0.9119099875438308
0.0028038442006599663
0.9119099875468624
0.0012489284041385146
0.9064685423702112
0.001248928404142955
0.9064685423702421
0.000571852590395727
0.9041682110795775
0.0005718525903956533
0.904168211079575
0.0005718525903957181
0.9041682110795766
0.0005718525903957243
0.904168211079577
0.001248928404141031
0.9064685423698631
0.0012489284041403243
0.9064685423705905
0.0028038442005066683
0.9119099875492951
0.0028038442004816692
0.9119099875413974
0.012750874634571089
0.9147069734592413
0.012750874636215064
0.9147069719147397
0.08959837149197186
0.8512857392499764
0.08959837152166297
0.8512857538201893
0.08936922557638931
0.8513113723932697
0.08936922552352111
0.851311372778643
0.012727085764860348
0.9144881632647242
0.012727085748004524
0.914488163115279
0.002819413142940647
0.9128049541953502
0.0028194131430119922
0.9128049541953418
0.0011254769388080949
0.9078050034545061
0.001125476938815763
0.9078050034545744
0.0010358895771270366
0.904473763899925
0.0010358895771270123
0.904473763899924
0.0010358895771270743
0.9044737638999187
0.0010358895771270765
0.9044737638999307
0.0011254769388123471
0.9078050034544214
0.0011254769388115153
0.907805003454659
0.0028194131429725546
0.9128049542130736
0.002819413142980021
0.9128049541776162
0.012727085755520298
0.9144881633865601
0.012727085757344377
0.914488162993445
0.08936922555739399
0.8513113480528085
0.08936922554251638
0.8513113971191053
0.0895341354441408
0.850520848822061
0.08953413576475147
0.850520853111374
0.012667882969673982
0.9148369199872803
0.012667882956345928
0.9148369199206732
0.0026291815297139623
0.913886177303848
0.0026291815295031566
0.9138861773008079
0.0011171111343024145
0.9085637249128178
0.0011171111343089598
0.9085637249128538
0.0010622598888197993
0.9056359586920119
0.0010622598888198236
0.9056359586920144
0.0010622598888196783
0.9056359586920067
0.0010622598888196798
0.905635958692019
0.0011171111343059744
0.9085637249130838
0.0011171111343055119
0.9085637249125884
0.002629181529591588
0.9138861773154974
0.002629181529625422
0.9138861772891602
0.012667882962508932
0.9148369193715924
0.012667882963510891
0.9148369205363622
0.08953413562867371
0.8505208345643132
0.08953413558021858
0.8505208673691217
0.08972465685267211
0.8506780942405501
0.08972465734823357
0.8506780979961603
0.01289373649915038
0.9147118324732684
0.012893736496357992
0.9147118325583947
0.002689167775154375
0.9137713858882944
0.002689167774794391
0.9137713858853687
0.0009805245045607957
0.9092134248766129
0.0009805245045626837
0.9092134248765791
0.0006183407249281301
0.9073859311315212
0.0006183407249282808
0.9073859311315221
0.000618340724928225
0.9073859311315232
0.0006183407249282268
0.9073859311315204
0.0009805245045616173
0.9092134248769546
0.0009805245045616568
0.9092134248762378
0.0026891677749543066
0.9137713858818183
0.002689167774994364
0.9137713858918446
0.012893736497909487
0.9147118317570535
0.01289373649759898
0.9147118332746096
0.08972465712721403
0.8506781048144223
0.0897246570736916
0.8506780874222889
0.09001875220589621
0.8512444367798555
0.09001875259588754
0.8512444361168425
0.013120578422939797
0.9150239228243587
0.013120578431510915
0.9150239229731477
0.0025528467348336086
0.9141153052587385
0.0025528467345296243
0.914115305258953
0.0007185752621817423
0.9100419320856907
0.0007185752621783039
0.9100419320856206
0.0004183013103559529
0.9076038538257141
0.0004183013103560171
0.9076038538257128
0.00041830131035593436
0.9076038538257207
0.00041830131035593425
0.9076038538257067
0.0007185752621798483
0.9100419320857547
0.0007185752621804242
0.9100419320855562
0.002552846734669519
0.9141153052408374
0.0025528467346936493
0.9141153052768538
0.013120578427909606
0.9150239227485122
0.013120578426540946
0.9150239230489932
0.09001875241548976
0.8512444612451562
0.09001875238629364
0.8512444116515422
0.09009178430182786
0.8520241340400247
0.09009178438136634
0.8520241296436262
0.013018196139101774
0.9160505464311511
0.013018196153642194
0.9160505464896884
0.0025632930136334844
0.9145619831379392
0.0025632930135469946
0.9145619831410734
0.0007048404696708341
0.9099196096352726
0.0007048404696642582
0.9099196096352409
0.00036029124405361173
0.9076257078288876
0.00036029124405366215
0.907625707828887
0.0003602912440535661
0.9076257078288923
0.0003602912440536304
0.9076257078288825
0.0007048404696672183
0.9099196096349922
0.0007048404696678738
0.9099196096355208
0.002563293013592184
0.9145619831271317
0.002563293013588343
0.9145619831518814
0.013018196147179396
0.9160505470742359
0.013018196145564664
0.916050545846602
0.09009178433689773
0.8520241470890215
0.09009178434629661
0.8520241165946278
0.08961105315934133
0.853284846580423
0.08961105290544571
0.8532848429989818
0.013258967217633779
0.9162483214995203
0.013258967229855905
0.916248321407227
0.0030540262200020943
0.9143322541136667
0.0030540262201658175
0.9143322541164786
0.0007805569116304778
0.9100522197254965
0.0007805569116245386
0.9100522197255368
0.00014649102124706065
0.9081983743398507
0.00014649102124698998
0.908198374339849
0.00014649102124720403
0.9081983743398476
0.0001464910212471911
0.9081983743398514
0.0007805569116272061
0.9100522197251628
0.0007805569116276968
0.9100522197258692
0.0030540262200979985
0.9143322541211342
0.0030540262200700434
0.9143322541090099
0.013258967224228802
0.9162483221962495
0.013258967223261144
0.9162483207104962
0.08961105301220676
0.8532848347102138
0.08961105305258041
0.8532848548691903
0.08969843124273578
0.8530638021844285
0.08969843081506468
0.8530638031227675
0.012960245632226267
0.9174605051292479
0.012960245635644506
0.9174605049816077
0.002837307902726044
0.915841062238566
0.0028373079030348147
0.9158410622381448
0.0009774459888410867
0.9102721171697691
0.0009774459888389504
0.9102721171698367
0.0003676940571180772
0.90791025744472
0.000367694057117992
0.9079102574447184
0.000367694057118031
0.9079102574447125
0.0003676940571180796
0.9079102574447259
0.0009774459888401824
0.910272117169727
0.0009774459888401545
0.9102721171698802
0.0028373079028980587
0.9158410622565838
0.0028373079028628677
0.9158410622201262
0.01296024563385408
0.9174605051588738
0.012960245634016739
0.9174605049519804
0.08969843100520002
0.8530637776760607
0.0896984310526005
0.8530638276311353
0.08983053097616184
0.8533034587589934
0.0898305306182915
0.8533034632463095
0.012934101469693657
0.917928427293577
0.012934101463026808
0.9179284272433227
0.0026480192293373383
0.9167255683533251
0.00264801922961399
0.9167255683501079
0.0008983614914129686
0.9111437265575663
0.0008983614914156726
0.9111437265575926
0.0005398293070793996
0.9077126798379773
0.0005398293070792701
0.9077126798379791
0.0005398293070793525
0.9077126798379749
0.0005398293070793874
0.9077126798379821
0.0008983614914144177
0.9111437265578592
0.0008983614914139875
0.9111437265572999
0.002648019229487193
0.9167255683632538
0.0026480192294642767
0.9167255683401807
0.012934101465794844
0.9179284266254736
0.0129341014669257
0.9179284279114265
0.08983053078311196
0.8533034469657539
0.08983053081134149
0.8533034750395487
0.08981980237874451
0.8541123988141255
0.08981980228046119
0.8541124022082519
0.012855636418973533
0.9183353833020378
0.012855636406500458
0.9183353834011547
0.002675744324887385
0.9167226547352318
0.0026757443249837806
0.9167226547325471
0.0008971658873021947
0.9114162716053622
0.0008971658873077983
0.9114162716053211
0.0005181930061985116
0.9082057135517914
0.0005181930061984617
0.9082057135517936
0.0005181930061985661
0.9082057135517948
0.0005181930061985346
0.9082057135517916
0.0008971658873053759
0.9114162716056876
0.0008971658873046916
0.9114162716049954
0.002675744324935115
0.9167226547267997
0.0026757443249361213
0.9167226547409786
0.012855636412026208
0.9183353826273648
0.012855636413447823
0.9183353840758297
0.08981980233211276
0.8541124119357968
0.08981980232709276
0.8541123890865827
0.08988176604900944
0.8546739911983301
0.08988176624671196
0.8546739899883121
0.012748018246768064
0.9189408330728351
0.012748018235642393
0.9189408332187711
0.0024621532835124166
0.9173142556490417
0.0024621532833879693
0.917314255649665
0.0008854323925560806
0.9115702639634686
0.0008854323925614352
0.9115702639633994
0.0008354457798461082
0.9083799104022489
0.0008354457798461223
0.9083799104022506
0.0008354457798459753
0.908379910402257
0.0008354457798459734
0.9083799104022425
0.0008854323925590805
0.9115702639634895
0.0008854323925586321
0.9115702639633793
0.0024621532834386882
0.9173142556309748
0.002462153283461552
0.9173142556677325
0.012748018240744407
0.9189408330895197
0.01274801824166574
0.9189408332020896
0.08988176616454498
0.8546740156575849
0.08988176613117631
0.8546739655290586
0.08961517314122912
0.8550352578635738
0.0896151735082338
0.8550352533014685
0.012812672861927879
0.9190404503409474
0.012812672858101913
0.9190404503827434
0.0025102626384883213
0.9174611913856392
0.002510262638225063
0.9174611913889259
0.0008687739023021322
0.9121754801052875
0.000868773902304368
0.9121754801052624
0.001002703838460876
0.9091622201179888
0.0010027038384609701
0.9091622201179861
0.0010027038384608246
0.9091622201179916
0.0010027038384608103
0.9091622201179835
0.0008687739023030903
0.9121754801049824
0.0008687739023030571
0.9121754801055686
0.002510262638341162
0.9174611913766278
0.002510262638372061
0.9174611913979394
0.012812672860038083
0.9190404510316642
0.012812672859991603
0.9190404496920268
0.08961517334560531
0.8550352683590549
0.08961517330385756
0.8550352428059877
0.08955352074801702
0.8550017435410977
0.08955352107397482
0.8550017403463629
0.012725024714284786
0.9194776338824613
0.012725024719360226
0.9194776337768755
0.0027493514194142548
0.9174449101145729
0.0027493514191641796
0.9174449101171229
0.0011401193658875327
0.9123687966207912
0.0011401193658856026
0.9123687966208364
0.0006172233802307476
0.9107881069472257
0.0006172233802308454
0.9107881069472248
0.0006172233802307386
0.9107881069472221
0.0006172233802307218
0.9107881069472279
0.0011401193658865118
0.9123687966204754
0.0011401193658868985
0.9123687966211522
0.0027493514192783635
0.9174449101239384
0.002749351419299975
0.9174449101077579
0.0127250247172854
0.919477634532678
0.012725024716359544
0.9194776331266591
0.0895535209244502
0.8550017292143011
0.08955352089754132
0.8550017546731594
0.08970432492096933
0.8550917594680617
0.0897043250315379
0.8550917609458213
0.012896806960685528
0.9193173543749407
0.012896806971325267
0.919317354231198
0.0028362654710291225
0.9179458057855756
0.002836265470927193
0.9179458057847523
0.0009369837689745496
0.9135280168067181
0.0009369837689698767
0.9135280168067876
0.00039924882561583584
0.9113058293702876
0.00039924882561590545
0.9113058293702875
0.00039924882561581903
0.9113058293702805
0.00039924882561585064
0.9113058293702936
0.0009369837689718673
0.9135280168067184
0.0009369837689724686
0.9135280168067861
0.0028362654709775505
0.9179458058036318
0.0028362654709787674
0.9179458057666965
0.012896806966627958
0.9193173543119826
0.012896806965382668
0.9193173542941557
0.08970432497546574
0.85509173513947
0.08970432497704159
0.855091785274412
0.09004089187948952
0.8551953821116245
0.09004089172866322
0.8551953867336014
0.012957509786818547
0.919717801653154
0.012957509796882347
0.9197178016199555
0.0026546917303307224
0.9190457688121031
0.002654691730422638
0.9190457688087557
0.0007800708057376644
0.9141594149136572
0.00078007080573283
0.9141594149136769
0.0003260110090992328
0.9112544854721482
0.0003260110090992235
0.9112544854721486
0.00032601100909931415
0.9112544854721443
0.0003260110090992786
0.9112544854721514
0.0007800708057349339
0.9141594149139729
0.0007800708057353345
0.914159414913361
0.0026546917303860145
0.9190457688201719
0.0026546917303674807
0.9190457688006883
0.012957509792284296
0.9197178009420732
0.012957509791416825
0.9197178023310336
0.0900408917904022
0.8551953729487813
0.09004089181775074
0.8551953958964438
0.09001671238256703
0.8558457025674853
0.09001671206927883
0.8558457055523716
0.013139886100146363
0.9202658644146495
0.01313988610420621
0.9202658645263614
0.002757678198127146
0.9192169391465607
0.002757678198350437
0.9192169391441537
0.000682541470943325
0.9143249885589158
0.0006825414709410906
0.9143249885588676
0.0001546025205678315
0.9116882613097648
0.00015460252056775063
0.9116882613097645
0.0001546025205678745
0.9116882613097665
0.0001546025205679034
0.9116882613097625
0.0006825414709422039
0.9143249885592208
0.0006825414709423366
0.9143249885585629
0.0027576781982523494
0.9192169391362911
0.002757678198225489
0.9192169391544229
0.013139886102198075
0.9202658637910114
0.013139886102154837
0.9202658651499995
0.09001671220762797
0.8558457180528007
0.0900167122442178
0.8558456900670549
0.09007751155962658
0.8565815736528464
0.09007751126463723
0.8565815719125625
0.013141042014603992
0.9210398857616933
0.013141042010846477
0.9210398859027467
0.0026576518412892254
0.9196112417305324
0.002657651841514005
0.9196112417315558
0.0006035884033908891
0.9144413127220518
0.0006035884033922368
0.9144413127219861
0.0002932154730714788
0.9116358890548699
0.00029321547307138604
0.9116358890548701
0.00029321547307156943
0.9116358890548764
0.00029321547307159393
0.9116358890548644
0.0006035884033916773
0.9144413127220301
0.0006035884033913533
0.9144413127220075
0.002657651841411675
0.9196112417125488
0.002657651841391519
0.9196112417495381
0.013141042012349863
0.9210398858706905
0.01314104201310052
0.9210398857937497
0.09007751139945434
0.8565815977663332
0.09007751142480971
0.8565815477990766
0.09009842065577978
0.857174458845485
0.09009842053807751
0.8571744541809226
0.012818809562135578
0.9223210513382551
0.012818809553112456
0.9223210513627351
0.002475767977098642
0.9204275814669223
0.002475767977202719
0.9204275814703173
0.0007891612987638219
0.9142597786060485
0.0007891612987677933
0.9142597786060311
0.0005277543235555696
0.9111794509697808
0.0005277543235555895
0.9111794509697796
0.0005277543235555346
0.9111794509697841
0.0005277543235555249
0.9111794509697777
0.00078916129876606
0.9142597786057229
0.0007891612987655435
0.9142597786063575
0.0024757679771520756
0.9204275814598294
0.0024757679771491743
0.9204275814774108
0.01281880955708159
0.9223210520670284
0.01281880955816659
0.9223210506339623
0.09009842059638512
0.8571744666424089
0.09009842059747211
0.8571744463839993
0.0896943896039284
0.8581905405084707
0.08969438971583849
0.8581905377448669
0.012744885092724877
0.9224223888582083
0.012744885083679155
0.9224223887408014
0.002773359119818378
0.9201821633540743
0.00277335911975322
0.9201821633563259
0.000983437924917009
0.914486187813647
0.0009834379249212832
0.9144861878136963
0.0005570619827123184
0.9116142488114216
0.0005570619827122687
0.9116142488114205
0.0005570619827123518
0.9116142488114187
0.000557061982712277
0.9116142488114256
0.0009834379249194067
0.9144861878133541
0.0009834379249189999
0.9144861878139888
0.002773359119778336
0.9201821633652054
0.0027733591197931515
0.9201821633451936
0.012744885087797753
0.9224223894528732
0.012744885088606196
0.9224223881461384
0.08969438967097663
0.8581905239246674
0.08969438964879012
0.8581905543286703
0.08950931546552418
0.8581054636707436
0.08950931573130591
0.8581054656672971
0.012579993332778639
0.9228324808070243
0.01257999332862408
0.9228324806691768
0.0026696114097358955
0.9208858691971388
0.002669611409547928
0.9208858691959212
0.0011663445738003177
0.915013599605605
0.0011663445738025085
0.9150135996056716
0.0007923613932270259
0.9120116932747082
0.0007923613932271828
0.9120116932747089
0.0007923613932270407
0.9120116932747011
0.0007923613932270441
0.9120116932747155
0.0011663445738014494
0.9150135996056474
0.001166344573801357
0.915013599605629
0.002669611409630155
0.9208858692149826
0.0026696114096534875
0.9208858691780772
0.012579993330645724
0.922832480652369
0.012579993330756637
0.9228324808238308
0.0895093156143622
0.858105439860456
0.08950931558246783
0.8581054894775864
0.08955545733656416
0.8576276390305958
0.0895554576018267
0.8576276437219096
0.012691427015760296
0.9227942877785091
0.012691427018434278
0.9227942877628352
0.002544873412474725
0.9216972196579184
0.0025448734122739593
0.921697219654488
0.0009644271889234933
0.916164122119999
0.0009644271889226052
0.9161641221200107
0.0009353322586747617
0.912661616747864
0.0009353322586748861
0.9126616167478656
0.0009353322586746673
0.9126616167478612
0.0009353322586746138
0.9126616167478682
0.0009644271889229091
0.9161641221203329
0.0009644271889232485
0.9161641221196775
0.002544873412365039
0.921697219664013
0.0025448734123836732
0.9216972196483946
0.012691427017398007
0.9227942870345124
0.012691427016796574
0.9227942885068301
0.08955545748101844
0.8576276326267914
0.08955545745737241
0.8576276501257133
0.08975451866524654
0.8575866781214723
0.08975451878598606
0.8575866806545502
0.012864589522428194
0.9228190800990139
0.01286458953003293
0.9228190802217247
0.002628730462836161
0.9217111239337555
0.002628730462732572
0.9217111239316613
0.0008256703598523721
0.916735067956714
0.0008256703598490504
0.9167350679566593
0.000556751931999768
0.9140823425309899
0.0005567519319998775
0.91408234253099
0.0005567519319998307
0.9140823425309926
0.0005567519319999194
0.9140823425309849
0.000825670359850495
0.9167350679569917
0.000825670359850983
0.916735067956379
0.002628730462782368
0.9217111239217952
0.002628730462786506
0.9217111239436202
0.01286458952670088
0.922819079535312
0.01286458952576022
0.9228190807854271
0.08975451872716458
0.857586695748829
0.08975451872406796
0.8575866630271927
0.08996506122774364
0.8579526653677756
0.08996506114781413
0.8579526631219074
0.012933873496500511
0.9232337069970716
0.012933873504584832
0.9232337071312321
0.0025607543398764795
0.9220206089350163
0.0025607543399199188
0.9220206089364262
0.0007197859309196476
0.9169150171237328
0.0007197859309158694
0.9169150171236685
0.00031102006136681166
0.9147083968457529
0.00031102006136677696
0.9147083968457521
0.0003110200613667556
0.9147083968457597
0.0003110200613667499
0.9147083968457447
0.0007197859309176026
0.9169150171236687
0.0007197859309179519
0.9169150171237337
0.002560754339904097
0.9220206089173748
0.002560754339892381
0.9220206089540668
0.012933873500916203
0.9232337071968446
0.012933873500169174
0.9232337069314573
0.0899650611788815
0.8579526887920519
0.08996506119667645
0.8579526396976304
0.09004782259733912
0.8588180340903272
0.09004782237325479
0.8588180293890724
0.013049795234934724
0.9235537041872741
0.013049795239076541
0.9235537041940913
0.002573957046728757
0.9223491107449093
0.002573957046886016
0.9223491107483643
0.0006345913666028183
0.9173412305923352
0.0006345913666006878
0.9173412305923275
0.0002889411715690964
0.9145530474904844
0.00028894117156904914
0.9145530474904844
0.00028894117156911636
0.9145530474904859
0.0002889411715690957
0.9145530474904819
0.0006345913666016466
0.9173412305919924
0.0006345913666017753
0.9173412305926695
0.0025739570468175325
0.9223491107398372
0.0025739570467974053
0.9223491107534382
0.013049795237085913
0.92355370494383
0.013049795236925635
0.9235537034375353
0.09004782247146835
0.8588180390783229
0.09004782249912566
0.8588180244010741
0.08988928594723954
0.8594232154216147
0.08988928571008634
0.8594232131281632
0.012926884433796151
0.924385091486571
0.012926884432004192
0.9243850913589977
0.002778060172635791
0.9225664689742272
0.0027780601728141317
0.9225664689761515
0.0008431345427188394
0.9172597399632136
0.0008431345427193782
0.9172597399632697
0.000194862615499814
0.9148083595593293
0.00019486261549973578
0.9148083595593264
0.0001948626154999922
0.9148083595593242
0.00019486261550002548
0.9148083595593308
0.0008431345427191623
0.9172597399629466
0.0008431345427189993
0.9172597399635354
0.0027780601727335165
0.9225664689869679
0.0027780601727164164
0.9225664689634091
0.01292688443266263
0.9243850920172834
0.012926884433137747
0.9243850908282862
0.08988928581773337
0.859423196814676
0.08988928583959241
0.8594232317351029
0.08969484084429799
0.8597570648598525
0.08969484072372272
0.8597570673467183
0.012962406623194124
0.9247951168124618
0.012962406616828986
0.9247951166824794
0.002853894963269361
0.9230533165303793
0.002853894963370493
0.9230533165287841
0.0008230596899781002
0.9176913355759572
0.000823059689980914
0.9176913355760206
0.0002995946723892439
0.914901130627398
0.00029959467238930074
0.9149011306273984
0.00029959467238918896
0.9149011306273918
0.00029959467238920874
0.9149011306274044
0.0008230596899796962
0.917691335576043
0.0008230596899793401
0.9176913355759351
0.002853894963322341
0.9230533165477546
0.002853894963317382
0.9230533165114094
0.012962406619606017
0.9247951165683141
0.012962406620417
0.9247951169266277
0.0896948407817261
0.8597570419077245
0.08969484078629397
0.8597570902988474
0.08983042536158944
0.8596672581120737
0.08983042541544885
0.8596672628062857
0.012777081592144433
0.9255216240037482
0.01277708158496145
0.9255216240058184
0.002555711051922439
0.9242345971487875
0.002555711051896558
0.9242345971453227
0.0008206366095509137
0.9180980729067258
0.0008206366095543124
0.9180980729067312
0.0005603035717818854
0.9145936572977651
0.0005603035717819211
0.9145936572977673
0.0005603035717818615
0.914593657297764
0.0005603035717818173
0.9145936572977693
0.0008206366095526696
0.9180980729070747
0.0008206366095523316
0.9180980729063832
0.0025557110519049053
0.9242345971528214
0.0025557110519139376
0.9242345971412892
0.012777081588210684
0.92552162323737
0.012777081588895218
0.925521624772198
0.0898304253955561
0.8596672545579769
0.08983042538148223
0.8596672663603819
0.08980548375714498
0.8601353305468484
0.08980548394479804
0.8601353325922568
0.012761814475909392
0.9259202587318826
0.012761814471862486
0.9259202588638547
0.0025271252433565284
0.9245070357091325
0.002527125243225972
0.9245070357073812
0.0008765939002851051
0.9183410731624521
0.0008765939002872392
0.9183410731623939
0.0005518079697328228
0.9149409223561638
0.0005518079697328893
0.9149409223561653
0.0005518079697328823
0.9149409223561689
0.0005518079697329119
0.9149409223561613
0.0008765939002863103
0.918341073162703
0.000876593900286172
0.9183410731621438
0.0025271252432825363
0.9245070356956515
0.002527125243299782
0.9245070357208591
0.012761814473788609
0.9259202582360979
0.012761814473983144
0.9259202593596396
0.08980548386289908
0.860135350066331
0.08980548383904381
0.8601353130727754
0.08965606960211825
0.8607154779350008
0.08965606981293842
0.8607154752154924
0.012769083265103287
0.9261048405319161
0.012769083266185536
0.9261048406572712
0.002510806826938161
0.9243957478942196
0.002510806826780695
0.9243957478959932
0.0008416596535314586
0.9187436252581587
0.0008416596535312313
0.918743625258095
0.0006732922231131237
0.9154609151950557
0.0006732922231131998
0.9154609151950541
0.0006732922231129923
0.9154609151950618
0.0006732922231129819
0.9154609151950481
0.0008416596535313293
0.9187436252580526
0.0008416596535314423
0.9187436252582013
0.00251080682685167
0.9243957478771712
0.0025108068268671546
0.9243957479130421
0.012769083265828998
0.9261048408196303
0.012769083265459849
0.9261048403695558
0.08965606971755069
0.8607155003361215
0.08965606969750592
0.8607154528143719
0.08964359864129443
0.860749881004124
0.08964359875927119
0.8607498763329335
0.012657522422726868
0.9266310001606968
0.012657522428015933
0.9266310001497473
0.0024266626197870867
0.9249696413107322
0.0024266626196899252
0.9249696413141952
0.000883571512867875
0.9190494532463283
0.0008835715128656342
0.9190494532463278
0.0008144548206750158
0.9158295386920174
0.0008144548206750315
0.9158295386920148
0.0008144548206750486
0.915829538692017
0.0008144548206750935
0.915829538692013
0.000883571512866557
0.9190494532459748
0.0008835715128668673
0.9190494532466817
0.002426662619735837
0.9249696413077508
0.0024266626197413333
0.9249696413171773
0.01265752242571921
0.9266310009342978
0.01265752242502371
0.9266309993761455
0.08964359870308118
0.8607498831114724
0.08964359869748466
0.8607498742255848
0.08951855683357529
0.861077752919831
0.089518556800701
0.8610777511293066
0.012796650934292827
0.9265153215143864
0.012796650940641962
0.9265153213784587
0.0027204852688984416
0.924893878464008
0.0027204852689104407
0.9248938784655789
0.0008913043841702895
0.9195621168895054
0.0008913043841672911
0.9195621168895666
0.0005716433052347664
0.916927619151456
0.0005716433052347283
0.9169276191514562
0.0005716433052348373
0.916927619151451
0.000571643305234819
0.916927619151461
0.0008913043841687611
0.9195621168892709
0.0008913043841689524
0.9195621168898014
0.002720485268908058
0.9248938784781802
0.002720485268901179
0.9248938784514074
0.01279665093777897
0.9265153219735829
0.012796650937156012
0.9265153209192598
0.08951855681166379
0.8610777325531975
0.08951855682261248
0.861077771495941
0.08966914565031633
0.8609709428362452
0.08966914549429092
0.8609709457786572
0.012815887632543412
0.9267170828547553
0.012815887636435501
0.9267170827344671
0.0027258089366625163
0.9252948366567925
0.002725808936770065
0.9252948366548454
0.0009308684875589384
0.9200031005664413
0.0009308684875569708
0.9200031005665
0.0003243066803730555
0.9178143862580428
0.0003243066803730604
0.9178143862580429
0.0003243066803729908
0.9178143862580377
0.0003243066803730263
0.917814386258049
0.0009308684875578967
0.9200031005665676
0.0009308684875580495
0.9200031005663729
0.0027258089367236723
0.9252948366734572
0.002725808936709007
0.9252948366381826
0.012815887634597877
0.9267170825245119
0.012815887634381056
0.9267170830647106
0.08966914556207013
0.8609709210651748
0.08966914558253739
0.8609709675497272
0.0899044579323954
0.8609527307310758
0.08990445774599554
0.8609527353622496
0.012937110821349466
0.9269815230558386
0.012937110820831384
0.9269815230756253
0.00259549685732842
0.9261199249295566
0.0025954968574668684
0.9261199249261052
0.0007137797760945394
0.9208324879625625
0.0007137797760945507
0.9208324879625586
0.00027696748241274797
0.9177652638424565
0.0002769674824126742
0.9177652638424567
0.00027696748241279757
0.9177652638424544
0.0002769674824127948
0.9177652638424577
0.0007137797760945684
0.920832487962919
0.0007137797760944299
0.9208324879622017
0.002595496857404663
0.926119924931474
0.0025954968573906703
0.9261199249241887
0.012937110820950164
0.9269815222778368
0.012937110821230734
0.9269815238536293
0.08990445783007063
0.8609527300773412
0.0899044578483202
0.8609527360159832
0.09000869465530187
0.8615455881212359
0.09000869454172744
0.8615455896503681
0.013019641047505299
0.9273793628996464
0.013019641043146518
0.9273793630390306
0.0026333128759806618
0.9263907998629624
0.0026333128760728155
0.9263907998615788
0.0006156335981092147
0.9211117454818472
0.0006156335981110943
0.9211117454817852
0.0001692928339405293
0.9179167342584298
0.00016929283394061072
0.917916734258431
0.00016929283394056936
0.917916734258436
0.0001692928339406035
0.9179167342584266
0.0006156335981103389
0.9211117454820654
0.0006156335981100938
0.9211117454815669
0.0026333128760295736
0.9263907998481504
0.0026333128760237584
0.9263907998763905
0.013019641045029368
0.9273793624787142
0.013019641045622397
0.9273793634599639
0.09000869459538123
0.861545609259762
0.09000869460164809
0.8615455685118432
0.0899836949676972
0.8621891715903904
0.08998369498386907
0.8621891684356848
0.012930662266676357
0.9282012209136974
0.012930662261094635
0.9282012210284845
0.0026113801018143304
0.9266878089725863
0.0026113801018131364
0.9266878089747015
0.0006628757010416152
0.920914595272073
0.0006628757010442867
0.9209145952720165
0.0002600856158680139
0.9179592795694504
0.0002600856158680042
0.9179592795694504
0.0002600856158679345
0.9179592795694562
0.0002600856158678879
0.9179592795694436
0.0006628757010430014
0.9209145952719271
0.0006628757010427774
0.9209145952721624
0.002611380101810997
0.9266878089563695
0.002611380101816032
0.926687808990919
0.012930662263603796
0.9282012212852765
0.012930662264166906
0.9282012206569069
0.08998369497995125
0.8621891926531315
0.08998369497161468
0.8621891473729432
0.08980111415337741
0.8627637099962366
0.08980111428204575
0.8627637054211703
0.012836031991619389
0.92879499202947
0.012836031987925649
0.9287949920009122
0.002516565602334527
0.9271863616601812
0.0025165656022468003
0.9271863616636071
0.0007274523281708464
0.9210565838355302
0.0007274523281727222
0.9210565838355389
0.0005457666950915925
0.9176922126532927
0.0005457666950916237
0.91769221265329
0.0005457666950916091
0.917692212653294
0.0005457666950916212
0.9176922126532896
0.0007274523281718168
0.9210565838351725
0.0007274523281716311
0.921056583835898
0.002516565602284442
0.9271863616593354
0.002516565602296807
0.9271863616644529
0.012836031989657763
0.9287949928091709
0.012836031989887121
0.9287949912212111
0.0898011142264413
0.8627637091940585
0.08980111420898156
0.862763706223348
0.08964543806568478
0.8631173149955691
0.08964543822963374
0.8631173137330979
0.012619132375519215
0.9294460302085467
0.01261913237559612
0.929446030066186
0.002568725657526404
0.9275259998231568
0.002568725657405413
0.927525999824351
0.000991324340027472
0.921135953731134
0.0009913243400276523
0.9211359537311974
0.0005974558436432236
0.9179204861185607
0.0005974558436433108
0.9179204861185617
0.0005974558436432159
0.9179204861185564
0.0005974558436432167
0.9179204861185666
0.0009913243400275938
0.9211359537309312
0.0009913243400276267
0.9211359537313972
0.0025687256574596327
0.9275259998385581
0.0025687256574721926
0.9275259998089501
0.012619132375661223
0.9294460305897632
0.012619132375454013
0.9294460296849691
0.08964543815591214
0.8631172931579223
0.08964543813940648
0.8631173355707452
0.08952997990631739
0.8634003020089955
0.0895299800142155
0.8634003053652559
0.012627858923113945
0.9294272329373814
0.012627858926673818
0.9294272328284854
0.00266932880491611
0.9276135091467566
0.0026693288048296607
0.9276135091444827
0.0009983808932138884
0.9217185160560961
0.0009983808932123757
0.9217185160561521
0.0006287130336039668
0.918536902635168
0.0006287130336039856
0.9185369026351701
0.0006287130336039427
0.9185369026351616
0.0006287130336039594
0.9185369026351754
0.0009983808932129941
0.9217185160562628
0.000998380893213191
0.9217185160559864
0.0026693288048700078
0.9276135091624715
0.0026693288048758477
0.9276135091287669
0.012627858925145199
0.929427232525732
0.012627858924642521
0.9294272332401339
0.0895299799635921
0.8634002817262747
0.08952997995694097
0.8634003256479769
