4.519051799434237e-11	4.161113607560852e-5	-4.161113607549464e-5	4.161113607567092e-5	-4.161113607555265e-5
0.10000000004521326	0.00014678798880284196	-0.00014678798880274287	0.00014678798880292057	-0.00014678798880279401
0.200000000045236	0.00019957322438911206	-0.00019957322438903663	0.0001995748204511124	-0.00019957482045098078
0.30000000004525873	0.0001806966491083072	-0.00018069664910825667	0.00018071373072083808	-0.00018071373072070092
0.40000000004528147	9.70384335888664e-5	-9.703843358883777e-5	9.712195246972384e-5	-9.712195246958436e-5
0.5000000000453042	-2.0912006116248423e-5	2.0912006116259428e-5	-2.064070970009614e-5	2.064070970024009e-5
0.6000000000453269	-0.00013022242759862568	0.00013022242759863154	-0.0001295398796812437	0.0001295398796813905
0.7000000000453497	-0.00019122897886021293	0.00019122897886022125	-0.00018979024544786042	0.00018979024544801308
0.8000000000453724	-0.0001820519237537517	0.00018205192375377263	-0.00017939270478062083	0.00017939270478077642
0.9000000000453952	-0.0001066126819686324	0.00010661268196867236	-0.000102177784737382	0.00010217778473754005
1.000000000045418	6.777077782856597e-6	-6.777077782792227e-6	1.3579317986691566e-5	-1.3579317986530004e-5
1.1000000000454406	0.00011574012569687717	-0.0001157401256967885	0.00012546344693571394	-0.0001254634469355497
1.2000000000454634	0.00017930276758702177	-0.00017930276758690913	0.00019237898736087255	-0.00019237898736071084
1.300000000045486	0.00017286069703756717	-0.00017286069703743463	0.00018951876601432308	-0.00018951876601416365
1.4000000000455088	9.717824576858641e-5	-9.717824576844333e-5	0.00011737853899951696	-0.00011737853899936501
1.5000000000455316	-2.1863096722570624e-5	2.1863096722715964e-5	1.5297940470648838e-6	-1.529794046927938e-6
1.6000000000455543	-0.00014267294338869577	0.00014267294338883904	-0.00011676042898666658	0.00011676042898679281
1.700000000045577	-0.00022307987839234413	0.0002230798783924848	-0.00019563181852375543	0.0001956318185238712
1.8000000000455998	-0.00023565421932688163	0.00023565421932702013	-0.00020793641207040821	0.00020793641207051628
1.9000000000456225	-0.00017763126396816222	0.00017763126396829572	-0.00015115727206953394	0.000151157272069636
2.0000000000456453	-7.18140292918554e-5	7.181402929198807e-5	-4.832020266463795e-5	4.8320202664740063e-5
2.100000000045668	4.186985598354285e-5	-4.186985598341266e-5	6.042972732210243e-5	-6.042972732199884e-5
2.2000000000456907	0.00012106836406897462	-0.00012106836406884799	0.00013250458583862734	-0.00013250458583852301
2.3000000000457135	0.00013658831104798355	-0.0001365883110478569	0.0001384372686711374	-0.00013843726867103625
2.400000000045736	8.316598176688432e-5	-8.316598176675683e-5	7.264445832699993e-5	-7.26444583269022e-5
2.500000000045759	-1.851063187893617e-5	1.8510631879065782e-5	-4.454332548244272e-5	4.454332548253593e-5
2.6000000000457817	-0.00012926533674392863	0.00012926533674406228	-0.0001743247751965248	0.00017432477519661502
2.7000000000458044	-0.0002056523728193627	0.0002056523728195022	-0.00027362276617757294	0.00027362276617766423
2.800000000045827	-0.00021573006110354957	0.0002157300611036952	-0.00031084430380547227	0.0003108443038055665
2.90000000004585	-0.00015062184176474144	0.00015062184176489851	-0.0002774491925750395	0.0002774491925751443
3.0000000000458726	-2.763977518883215e-5	2.7639775188997226e-5	-0.00019110573046693063	0.00019110573046705184
3.1000000000458954	0.00011616546890123675	-0.00011616546890106804	-8.928831167891048e-5	8.928831167904966e-5
3.200000000045918	0.00023765939103898104	-0.00023765939103880974	-1.566483996260092e-5	1.5664839962755022e-5
3.300000000045941	0.00030347765414728427	-0.00030347765414712093	-4.253776603483576e-6	4.253776603652595e-6
3.4000000000459636	0.000302271483910733	-0.00030227148391058126	-6.713945078283021e-5	6.713945078300098e-5
3.5000000000459863	0.0002488637669702687	-0.00024886376697013724	-0.0001902255043304959	0.00019022550433066913
3.600000000046009	0.0001788053189970997	-0.00017880531899698357	-0.0003385608344190338	0.00033856083441921104
3.700000000046032	0.0001353440875490501	-0.00013534408754894503	-0.0004692698837419112	0.0004692698837420889
3.8000000000460545	0.0001536022598740131	-0.000153602259873912	-0.0005473424747479383	0.0005473424747481114
3.9000000000460773	0.0002477745204370055	-0.0002477745204368992	-0.0005585032763224929	0.0005585032763226564
4.0000000000461	0.0004060404895446635	-0.0004060404895445481	-0.0005144636650936282	0.000514463665093778
4.100000000046123	0.0005950385089891618	-0.0005950385089890305	-0.0004486584744025278	0.00044865847440266564
4.2000000000461455	0.0007722257528095915	-0.0007722257528094452	-0.00040405706069923084	0.0004040570606993584
4.300000000046168	0.0009015506265996526	-0.000901550626599498	-0.000417532201534086	0.0004175322015342109
4.400000000046191	0.0009666573452099156	-0.0009666573452097589	-0.0005065119542284773	0.0005065119542286053
4.500000000046214	0.000976773283157182	-0.0009767732831570265	-0.0006627786913697418	0.0006627786913698804
4.600000000046236	0.0009631497917910309	-0.0009631497917908771	-0.0008556398425731106	0.0008556398425732646
4.700000000046259	0.0009674260337772272	-0.0009674260337770729	-0.001043252914486396	0.0010432529144865687
4.800000000046282	0.001026263962643174	-0.0010262639626430104	-0.0011879108985174797	0.0011879108985176742
4.900000000046305	0.0011579565740348608	-0.00115795657403469	-0.001269674108238495	0.0012696741082387098
5.000000000046327	0.001355942970563244	-0.001355942970563062	-0.0012933833030653345	0.0012933833030655695
5.10000000004635	0.0015915667372472333	-0.0015915667372470353	-0.0012865542287026207	0.0012865542287028725
5.200000000046373	0.0018249645455474077	-0.001824964545547197	-0.001289015227697252	0.0012890152276975103
5.300000000046396	0.002019961425031568	-0.0020199614250313415	-0.0013381632458233073	0.001338163245823565
5.400000000046418	0.00215740013580526	-0.0021574001358050233	-0.0014552735389704418	0.0014552735389706988
5.500000000046441	0.0022419762659591155	-0.0022419762659588714	-0.001637845243013759	0.0016378452430140047
5.600000000046464	0.00230013064210568	-0.0023001306421054322	-0.0018606882871644158	0.0018606882871646498
5.7000000000464865	0.002369919725879865	-0.0023699197258796167	-0.0020852182557913076	0.0020852182557915384
5.800000000046509	0.0024867677677534294	-0.0024867677677531826	-0.0022734314254636494	0.002273431425463886
5.900000000046532	0.002670482580660018	-0.0026704825806597742	-0.0024013825191410887	0.0024013825191413433
6.000000000046555	0.00291835050588645	-0.002918350505886206	-0.0024672691442534974	0.00246726914425377
6.1000000000465775	0.0032067565282467383	-0.003206756528246496	-0.0024913013041398505	0.0024913013041401462
6.2000000000466	0.0035005255734470004	-0.003500525573446764	-0.0025076017439482888	0.002507601743948602
6.300000000046623	0.0037662967605335625	-0.0037662967605333383	-0.002551290304246419	0.0025512903042467457
6.400000000046646	0.003984812467899268	-0.0039848124678990545	-0.002645583220588789	0.002645583220589124
6.5000000000466684	0.00415754443201074	-0.004157544432010532	-0.0027935970945354035	0.00279359709453574
6.600000000046691	0.004305342619629943	-0.004305342619629737	-0.00297768739648657	0.002977687396486901
6.700000000046714	0.004459876099677414	-0.0044598760996772	-0.00316630886005352	0.0031663088600538507
6.800000000046737	0.004651339151744952	-0.0046513391517447236	-0.0033256402138774556	0.0033256402138777865
6.900000000046759	0.004897194310066076	-0.004897194310065833	-0.0034315792705911304	0.003431579270591464
7.000000000046782	0.0051961585384251744	-0.005196158538424916	-0.0034777519378867165	0.0034777519378870595
7.100000000046805	0.005529483877389023	-0.005529483877388748	-0.0034768131476496504	0.0034768131476500042
7.200000000046828	0.005868722375665276	-0.0058687223756649885	-0.0034548807807138725	0.003454880780714238
7.30000000004685	0.006186726780003667	-0.0061867267800033736	-0.0034414487059454737	0.0034414487059458497
7.400000000046873	0.006467550988681548	-0.006467550988681255	-0.003458649701807947	0.0034586497018083344
7.500000000046896	0.006711545426071368	-0.006711545426071085	-0.003513768434906876	0.0035137684349072643
7.600000000046919	0.0069339741268187455	-0.00693397412681848	-0.0035975057896564244	0.0035975057896568065
7.700000000046941	0.00715805836731006	-0.0071580583673098155	-0.0036882635403368428	0.003688263540337214
7.800000000046964	0.007405444272467596	-0.007405444272467372	-0.003760524247087166	0.003760524247087529
7.900000000046987	0.007687905418907048	-0.00768790541890684	-0.003794050917544776	0.0037940509175451317
8.00000000004701	0.008003375700092396	-0.0080033757000922	-0.003780565468552638	0.003780565468552982
8.100000000047032	0.008337529979172337	-0.008337529979172148	-0.0037257185776413044	0.003725718577641642
8.200000000047055	0.008669898316585592	-0.008669898316585411	-0.003646022604470803	0.003646022604471137
8.300000000047078	0.008981815964084034	-0.00898181596408385	-0.003562247572169298	0.003562247572169631
8.4000000000471	0.009263004830644	-0.009263004830643816	-0.0034919118204597534	0.003491911820460081
8.500000000047123	0.009514371334471711	-0.009514371334471527	-0.003443582185611005	0.0034435821856113277
8.600000000047146	0.009746282281536114	-0.009746282281535928	-0.003414800424697806	0.0034148004246981264
8.700000000047169	0.0099734092170146	-0.00997340921701441	-0.0033939951797655184	0.0033939951797658367
8.800000000047191	0.010208470920720135	-0.010208470920719939	-0.0033653068528485754	0.003365306852848899
8.900000000047214	0.010457408011773155	-0.010457408011772957	-0.003314358774185066	0.0033143587741853897
9.000000000047237	0.010717703490688681	-0.010717703490688481	-0.0032329093470522337	0.003232909347052557
9.10000000004726	0.010980144235788119	-0.01098014423578792	-0.0031209532409327023	0.0031209532409330223
9.200000000047282	0.011232932066464783	-0.011232932066464585	-0.002985885217762038	0.0029858852177623474
9.300000000047305	0.01146625659786421	-0.011466256597864015	-0.002839373819918777	0.002839373819919076
9.400000000047328	0.011675495144405171	-0.01167549514440498	-0.002693256889463865	0.002693256889464151
9.50000000004735	0.011861988981351412	-0.01186198898135123	-0.002555897046462806	0.0025558970464630727
9.600000000047373	0.012031451650618375	-0.012031451650618204	-0.0024300710467328834	0.002430071046733135
9.700000000047396	0.012190997479290843	-0.01219099747929068	-0.002312821673999898	0.0023128216740001283
9.800000000047419	0.012346173584328513	-0.012346173584328353	-0.0021970380922465152	0.002197038092246725
9.900000000047442	0.012499146083558026	-0.012499146083557868	-0.002074062850607397	0.002074062850607595
10.000000000047464	0.012648520722225387	-0.012648520722225226	-0.0019364497716830079	0.0019364497716831948
10.100000000047487	0.01279052250732335	-0.012790522507323177	-0.0017800976506997985	0.0017800976506999798
10.20000000004751	0.01292076260882925	-0.012920762608829062	-0.001605266846256062	0.0016052668462562514
10.300000000047532	0.013035769286790466	-0.013035769286790264	-0.0014163373286650326	0.0014163373286652332
10.400000000047555	0.013133761925369896	-0.013133761925369681	-0.001220475629446796	0.0012204756294470073
10.500000000047578	0.013214611184034457	-0.013214611184034232	-0.0010256093304429228	0.0010256093304431455
10.6000000000476	0.01327932812163658	-0.013279328121636343	-0.0008382567273023671	0.0008382567273026022
10.700000000047623	0.013329546093715625	-0.013329546093715387	-0.000661792564292366	0.0006617925642926045
10.800000000047646	0.013367293783148234	-0.013367293783147993	-0.0004956371448901846	0.000495637144890418
10.900000000047669	0.013395048921030949	-0.01339504892103071	-0.00033563516689459545	0.00033563516689481473
11.000000000047692	0.013415809895790746	-0.013415809895790514	-0.00017556910137444783	0.00017556910137465367
11.100000000047714	0.013432877586756431	-0.01343287758675621	-9.400636607289814e-6	9.4006366074824e-6
11.200000000047737	0.013449225812888717	-0.013449225812888507	0.00016643949363791106	-0.0001664394936377318
11.30000000004776	0.013466643340575332	-0.013466643340575126	0.0003514766725190396	-0.0003514766725188687
11.400000000047783	0.013485069121750652	-0.013485069121750445	0.0005409243200253016	-0.0005409243200251335
11.500000000047805	0.013502560419074305	-0.013502560419074092	0.0007269090743727114	-0.0007269090743725378
11.600000000047828	0.013516091224168985	-0.013516091224168764	0.0009008564655225897	-0.0009008564655224046
11.70000000004785	0.01352297833506349	-0.013522978335063262	0.0010562559051216873	-0.0010562559051214852
11.800000000047874	0.013522372028700528	-0.013522372028700295	0.0011908281648075583	-0.0011908281648073406
11.900000000047896	0.013516122053935603	-0.013516122053935362	0.0013072772035636324	-0.0013072772035633978
12.000000000047862	0.01350852919275985	-0.013508529192759605	0.0014122902818738436	-0.0014122902818735998
12.100000000047885	0.013504953455241425	-0.01350495345524118	0.001514091511412273	-0.0015140915114120249
12.200000000047908	0.01350977381543141	-0.013509773815431168	0.0016194130511678066	-0.0016194130511675525
12.30000000004793	0.01352453775165181	-0.013524537751651576	0.0017310004761143295	-0.0017310004761140754
12.400000000047953	0.013547127300624946	-0.013547127300624713	0.0018465999466326052	-0.0018465999466323552
12.500000000047976	0.013572382680888105	-0.013572382680887873	0.001959833454446009	-0.001959833454445766
12.600000000047999	0.013594017182895374	-0.013594017182895142	0.0020626544910682387	-0.0020626544910680054
12.700000000048021	0.013607088907470208	-0.013607088907469981	0.0021484657049390785	-0.0021484657049388564
12.800000000048044	0.013610020432368631	-0.01361002043236841	0.0022147147587547812	-0.0022147147587545726
12.900000000048067	0.013605309056546389	-0.013605309056546175	0.0022639747236571544	-0.002263974723656955
13.00000000004809	0.013598595619080807	-0.0135985956190806	0.002303091870644314	-0.002303091870644121
13.100000000048112	0.013596440989411063	-0.013596440989410864	0.0023407237543443763	-0.0023407237543441937
13.200000000048135	0.013603705780523674	-0.01360370578052348	0.0023842054066799036	-0.0023842054066797232
13.300000000048158	0.013621604464462072	-0.013621604464461872	0.002436932025479576	-0.0024369320254793896
13.40000000004818	0.013647231547954027	-0.01364723154795382	0.002497238036457569	-0.002497238036457377
13.500000000048203	0.013674749074286065	-0.013674749074285853	0.0025591711077837757	-0.0025591711077835766
13.600000000048226	0.013697738935037647	-0.013697738935037429	0.0026148364056916263	-0.002614836405691415
13.700000000048249	0.01371174950816284	-0.013711749508162618	0.0026574027518996616	-0.0026574027518994348
13.800000000048271	0.013716000608715445	-0.013716000608715221	0.002683638902126349	-0.002683638902126113
13.900000000048294	0.013713574821126041	-0.013713574821125823	0.002695059471621833	-0.0026950594716215978
14.000000000048317	0.013710056634020983	-0.013710056634020772	0.0026973102543124084	-0.0026973102543121803
14.10000000004834	0.013711213460882742	-0.01371121346088254	0.0026980892904687327	-0.0026980892904685085
14.200000000048362	0.01372068213670364	-0.01372068213670344	0.0027044256140973514	-0.0027044256140971363
14.300000000048385	0.013738586582966165	-0.013738586582965968	0.0027203311555980534	-0.0027203311555978444
14.400000000048408	0.013761597941884602	-0.013761597941884406	0.0027456484135555963	-0.002745648413555394
14.50000000004843	0.013784344168219425	-0.013784344168219227	0.0027764325114219544	-0.0027764325114217623
14.600000000048453	0.013801539249103554	-0.013801539249103354	0.002806630103078316	-0.002806630103078133
14.700000000048476	0.013809949904276909	-0.013809949904276708	0.0028303689516772272	-0.0028303689516770507
14.800000000048499	0.013809437395142012	-0.013809437395141804	0.002844006237159176	-0.0028440062371590017
14.900000000048522	0.01380273234543455	-0.013802732345434334	0.002847238211615933	-0.0028472382116157585
15.000000000048544	0.013794129629257329	-0.0137941296292571	0.0028429644015077657	-0.0028429644015075905
15.100000000048567	0.013787704430857514	-0.013787704430857277	0.0028360629899242045	-0.002836062989924025
15.20000000004859	0.013785789099905637	-0.013785789099905391	0.00283159695753116	-0.0028315969575309677
15.300000000048612	0.013788279232099026	-0.013788279232098778	0.0028331147456197177	-0.002833114745619506
15.400000000048635	0.013792953346156675	-0.01379295334615643	0.002841608547882005	-0.0028416085478817745
15.500000000048658	0.013796570315637587	-0.013796570315637345	0.002855412055059492	-0.002855412055059255
15.60000000004868	0.013796227815808405	-0.01379622781580817	0.0028709768920572006	-0.00287097689205696
15.700000000048703	0.013790423839186884	-0.01379042383918666	0.002884187025129755	-0.0028841870251295177
15.800000000048726	0.013779451817459053	-0.013779451817458838	0.0028917371754864354	-0.002891737175486207
15.900000000048749	0.01376507302406309	-0.013765073024062886	0.0028921364094596043	-0.0028921364094593896
16.00000000004877	0.013749702512134764	-0.013749702512134577	0.0028860645872492183	-0.002886064587249028
16.100000000048794	0.013735498266534639	-0.013735498266534469	0.0028760352617036413	-0.002876035261703475
16.200000000048817	0.013723713668945845	-0.013723713668945694	0.002865527519280295	-0.00286552751928015
16.30000000004884	0.013714501648499697	-0.01371450164849956	0.0028578849504298895	-0.0028578849504297607
16.400000000048863	0.013707141708597064	-0.013707141708596937	0.0028553178347785297	-0.002855317834778408
16.500000000048885	0.013700500260811727	-0.01370050026081161	0.002858289902384236	-0.0028582899023841144
16.600000000048908	0.01369349044506481	-0.01369349044506469	0.002865448963755514	-0.002865448963755385
16.70000000004893	0.01368536626241739	-0.013685366262417264	0.0028741059274883943	-0.0028741059274882503
16.800000000048954	0.01367581094472375	-0.01367581094472362	0.0028811156969955364	-0.002881115696995375
16.900000000048976	0.01366488680502351	-0.013664886805023384	0.0028839002742513335	-0.0028839002742511565
17.000000000049	0.013652951133652934	-0.01365295113365281	0.0028813074613271224	-0.0028813074613269285
17.10000000004902	0.013640604150978564	-0.01364060415097845	0.002874035088793883	-0.002874035088793673
17.200000000049045	0.013628658944210142	-0.013628658944210047	0.0028644695797909615	-0.0028644695797907403
17.300000000049067	0.01361806673606736	-0.013618066736067282	0.0028559636353317967	-0.002855963635331573
17.40000000004909	0.013609735326211512	-0.013609735326211451	0.0028517624743857584	-0.002851762474385541
17.500000000049113	0.013604246005121159	-0.01360424600512111	0.002853920799574735	-0.0028539207995745297
17.600000000049135	0.01360156536235445	-0.013601565362354413	0.0028625806577114994	-0.002862580657711311
17.700000000049158	0.013600904472481945	-0.013600904472481908	0.0028758807259130414	-0.0028758807259128757
17.80000000004918	0.013600854207783349	-0.0136008542077833	0.0028905619929234824	-0.002890561992923339
17.900000000049204	0.013599818383770005	-0.013599818383769937	0.0029030883894679248	-0.0029030883894678
18.000000000049226	0.01359662000406707	-0.013596620004066981	0.0029109023112744406	-0.00291090231127433
18.10000000004925	0.013591042307310716	-0.013591042307310609	0.002913363785862719	-0.002913363785862618
18.200000000049272	0.013584050623337146	-0.013584050623337026	0.002912015687573923	-0.0029120156875738247
18.300000000049295	0.013577546238501492	-0.013577546238501369	0.00291005179207287	-0.002910051792072769
18.400000000049317	0.013573694612942997	-0.013573694612942873	0.00291115818246239	-0.0029111581824622767
18.50000000004934	0.013574066379234216	-0.0135740663792341	0.0029181412333945	-0.0029181412333943763
18.600000000049363	0.01357893901809067	-0.013578939018090562	0.002931850309950681	-0.002931850309950543
18.700000000049386	0.013587070951821477	-0.013587070951821378	0.002950806964126195	-0.0029508069641260392
18.80000000004941	0.01359608191076521	-0.01359608191076512	0.0029716949339704058	-0.0029716949339702336
18.90000000004943	0.013603323016301457	-0.01360332301630138	0.002990541591338345	-0.0029905415913381575
19.000000000049454	0.013606903660884552	-0.013606903660884488	0.003004155793458156	-0.003004155793457959
19.100000000049477	0.013606457321475257	-0.013606457321475203	0.003011283974937672	-0.003011283974937471
19.2000000000495	0.01360331868575686	-0.013603318685756817	0.003013048560329339	-0.0030130485603291402
19.300000000049522	0.013600018266956075	-0.013600018266956039	0.003012503098243	-0.0030125030982428077
19.400000000049545	0.013599282389620602	-0.013599282389620567	0.0030134732684347207	-0.003013473268434539
19.500000000049567	0.013602936686315199	-0.013602936686315159	0.0030191226459046787	-0.0030191226459045086
19.60000000004959	0.01361115872332141	-0.013611158723321361	0.0030307827435877054	-0.003030782743587542
19.700000000049613	0.013622387096028902	-0.01362238709602884	0.0030474807653659707	-0.0030474807653658163
19.800000000049636	0.013633926568319556	-0.013633926568319485	0.003066328890914739	-0.003066328890914591
19.90000000004966	0.013643003482211853	-0.013643003482211771	0.003083611920409224	-0.0030836119204090823
20.00000000004968	0.013647842403553793	-0.013647842403553703	0.0030961521582973097	-0.003096152158297176
20.100000000049704	0.01364832999811594	-0.013648329998115842	0.003102438359181129	-0.003102438359181
20.200000000049727	0.013646005927328338	-0.013646005927328241	0.0031031096473083395	-0.0031031096473082167
20.30000000004975	0.013643398433133008	-0.013643398433132914	0.003100639462620717	-0.003100639462620594
20.400000000049772	0.013642987161182691	-0.0136429871611826	0.003098366890021991	-0.0030983668900218648
20.500000000049795	0.013646218461611813	-0.01364621846161173	0.0030992571067274158	-0.0030992571067272835
20.600000000049818	0.013652963471482	-0.013652963471481922	0.003104854206828194	-0.003104854206828059
20.70000000004984	0.013661616872067536	-0.013661616872067467	0.0031147956305033666	-0.0031147956305032248
20.800000000049863	0.01366976917378045	-0.01366976917378039	0.0031270326649984344	-0.0031270326649982835
20.900000000049886	0.013675159335443606	-0.013675159335443554	0.003138637263937463	-0.0031386372639373035
21.00000000004991	0.013676518072986418	-0.013676518072986374	0.003146871837641184	-0.0031468718376410194
21.10000000004993	0.013673978028850387	-0.013673978028850352	0.003150126194184117	-0.003150126194183954
21.200000000049954	0.01366891905434544	-0.013668919054345417	0.0031484011070114183	-0.003148401107011265
21.300000000049977	0.013663349270873322	-0.013663349270873308	0.0031432020040040557	-0.003143202004003914
21.40000000005	0.01365909821412034	-0.013659098214120325	0.0031369236339628646	-0.0031369236339627337
21.500000000050022	0.013657150098280686	-0.013657150098280665	0.0031319767594185045	-0.0031319767594183826
21.600000000050045	0.013657361802803622	-0.01365736180280359	0.0031299752999266657	-0.003129975299926554
21.700000000050068	0.013658636749330905	-0.01365863674933086	0.003131253656926501	-0.003131253656926394
21.80000000005009	0.013659440711430217	-0.01365944071143016	0.0031348482482755247	-0.003134848248275423
21.900000000050113	0.013658424770806908	-0.013658424770806843	0.0031389104345667667	-0.0031389104345666678
22.000000000050136	0.013654906233581138	-0.01365490623358106	0.0031413796107993596	-0.0031413796107992577
22.10000000005016	0.013649044250677644	-0.013649044250677561	0.0031406774701465945	-0.003140677470146487
22.20000000005018	0.013641686320436006	-0.013641686320435926	0.0031362004314598687	-0.003136200431459751
22.300000000050204	0.013633991401666646	-0.013633991401666571	0.003128471243763834	-0.0031284712437637074
22.400000000050227	0.013627003835471475	-0.01362700383547141	0.003118928224213722	-0.0031189282242135834
22.50000000005025	0.013621340965086494	-0.01362134096508644	0.003109442089060126	-0.003109442089059976
22.600000000050272	0.013617083836941093	-0.013617083836941055	0.003101724419471139	-0.0031017244194709755
22.700000000050295	0.013613865884774657	-0.013613865884774628	0.0030968122144009952	-0.003096812214400815
22.800000000050318	0.013611082346041527	-0.013611082346041503	0.0030947799662516453	-0.003094779966251455
22.90000000005034	0.013608119080223498	-0.013608119080223479	0.0030947577603408103	-0.003094757760340619
23.000000000050363	0.013604522753663716	-0.0136045227536637	0.0030952425667068553	-0.0030952425667066705
23.100000000050386	0.013600082657478424	-0.013600082657478411	0.0030946043569102977	-0.0030946043569101246
23.20000000005041	0.01359483822800198	-0.013594838228001966	0.0030916311035761035	-0.0030916311035759495
23.30000000005043	0.013589045046649343	-0.013589045046649324	0.0030859430136524	-0.003085943013652269
23.400000000050454	0.013583123370908121	-0.013583123370908093	0.0030781422844761057	-0.0030781422844759895
23.500000000050477	0.01357759153008372	-0.01357759153008368	0.0030696430635223826	-0.0030696430635222746
23.6000000000505	0.013572972445786894	-0.013572972445786844	0.0030622266913530117	-0.003062226691352904
23.700000000050522	0.013569668635196213	-0.013569668635196146	0.003057459789583732	-0.0030574597895836196
23.800000000050545	0.013567827197077482	-0.013567827197077399	0.003056166055890717	-0.003056166055890594
23.900000000050568	0.013567244577436126	-0.013567244577436027	0.0030581348225827295	-0.0030581348225825916
24.00000000005059	0.013567369525426427	-0.013567369525426313	0.0030621774517896284	-0.0030621774517894758
24.100000000050613	0.013567438147266552	-0.013567438147266426	0.003066526285428131	-0.0030665262854279616
24.200000000050636	0.013566721820363661	-0.013566721820363526	0.0030694484993291117	-0.0030694484993289235
24.30000000005066	0.013564809443079038	-0.01356480944307889	0.0030698633315796335	-0.0030698633315794253
24.40000000005068	0.013561810609694224	-0.013561810609694072	0.0030677398448290534	-0.003067739844828826
24.500000000050704	0.013558378911644811	-0.013558378911644653	0.003064122916844709	-0.003064122916844468
24.600000000050727	0.013555517091563333	-0.013555517091563175	0.0030607660876105836	-0.0030607660876103377
24.70000000005075	0.013554216027454316	-0.013554216027454156	0.0030594949839486763	-0.003059494983948431
24.800000000050773	0.013555058844926771	-0.013555058844926613	0.003061529699824689	-0.0030615296998244496
24.900000000050795	0.01355795179872308	-0.013557951798722922	0.003067016826845457	-0.0030670168268452356
25.000000000050818	0.013562105767414671	-0.013562105767414515	0.003074949893747964	-0.0030749498937477694
25.10000000005084	0.013566296691447672	-0.013566296691447524	0.003083515081178521	-0.0030835150811783516
25.200000000050863	0.01356931759490068	-0.013569317594900543	0.0030907396818239613	-0.003090739681823819
25.300000000050886	0.013570448356541514	-0.013570448356541389	0.0030952047805434353	-0.003095204780543317
25.40000000005091	0.013569751748788971	-0.013569751748788848	0.0030965565844140942	-0.003096556584413997
25.50000000005093	0.013568066958682772	-0.013568066958682647	0.0030956245683856046	-0.0030956245683855218
25.600000000050954	0.013566691769988985	-0.013566691769988851	0.00309410190397714	-0.003094101903977067
25.700000000050977	0.013566872891797309	-0.013566872891797168	0.003093908401511516	-0.0030939084015114506
25.800000000051	0.01356930630746044	-0.013569306307460297	0.0030964752097525565	-0.00309647520975249
25.900000000051023	0.013573849873421516	-0.013573849873421364	0.0031022182312566227	-0.003102218231256547
26.000000000051045	0.01357956681936849	-0.013579566819368333	0.003110393565293014	-0.003110393565292928
26.100000000051068	0.013585085041952558	-0.013585085041952398	0.003119382453539424	-0.0031193824535393254
26.20000000005109	0.013589128533213498	-0.013589128533213334	0.0031272918201205526	-0.003127291820120439
26.300000000051114	0.01359100748399093	-0.013591007483990763	0.003132641254466459	-0.003132641254466334
26.400000000051136	0.01359087147311806	-0.013590871473117893	0.0031348808852774902	-0.0031348808852773584
26.50000000005116	0.013589627797490154	-0.013589627797489992	0.00313455467380479	-0.0031345546738046617
26.600000000051182	0.013588563294165877	-0.013588563294165723	0.0031330608161838826	-0.0031330608161837625
26.700000000051205	0.013588826306294493	-0.013588826306294346	0.0031321112597144634	-0.003132111259714351
26.800000000051227	0.013590977605516199	-0.013590977605516055	0.003133098932161071	-0.003133098932160971
26.90000000005125	0.013594785434931382	-0.013594785434931238	0.003136606194108051	-0.0031366061941079685
27.000000000051273	0.013599336668811886	-0.013599336668811744	0.003142225793334325	-0.003142225793334264
27.100000000051296	0.013603407782341573	-0.013603407782341431	0.0031487437060873503	-0.003148743706087307
27.20000000005132	0.013605938949409374	-0.013605938949409228	0.0031545999184609853	-0.0031545999184609615
27.30000000005134	0.013606421535623123	-0.013606421535622974	0.003158448030278945	-0.0031584480302789403
27.400000000051364	0.013605053552873678	-0.013605053552873529	0.0031596098781665094	-0.0031596098781665177
27.500000000051386	0.013602617231543851	-0.013602617231543705	0.003158271394687378	-0.00315827139468739
27.60000000005141	0.013600144416108115	-0.013600144416107973	0.003155367298686755	-0.003155367298686765
27.700000000051432	0.013598513485968949	-0.013598513485968813	0.003152214813825327	-0.003152214813825332
27.800000000051455	0.013598137109734402	-0.013598137109734282	0.0031500395917856416	-0.0031500395917856347
27.900000000051477	0.013598851900928455	-0.013598851900928353	0.003149563665603493	-0.0031495636656034766
28.0000000000515	0.013600033445655689	-0.0136000334456556	0.0031507912230700984	-0.0031507912230700715
28.100000000051523	0.013600871534080369	-0.013600871534080293	0.003153050529277993	-0.003153050529277954
28.200000000051546	0.013600685990318022	-0.013600685990317952	0.003155259916146784	-0.00315525991614674
28.30000000005157	0.013599161259750246	-0.013599161259750178	0.0031563140222947935	-0.003156314022294749
28.40000000005159	0.013596422956215949	-0.013596422956215881	0.003155455266521387	-0.0031554552665213494
28.500000000051614	0.013592948496163082	-0.013592948496163012	0.0031525108782146528	-0.0031525108782146276
28.600000000051637	0.013589366594881575	-0.013589366594881495	0.0031479279729814346	-0.003147927972981418
28.70000000005166	0.013586233100934606	-0.013586233100934512	0.0031426079920737373	-0.0031426079920737248
28.800000000051682	0.013583865152502032	-0.013583865152501925	0.0031376044730907315	-0.0031376044730907176
28.900000000051705	0.013582280394383112	-0.01358228039438299	0.0031337863212520987	-0.003133786321252079
29.000000000051728	0.013581242087184123	-0.01358124208718399	0.0031315734534072726	-0.0031315734534072413
29.10000000005175	0.013580374344072114	-0.013580374344071977	0.003130824271209426	-0.003130824271209372
29.200000000051773	0.01357929663730413	-0.013579296637303995	0.0031309049598726977	-0.003130904959872617
29.300000000051796	0.013577733725248285	-0.01357773372524816	0.0031309143107477663	-0.003130914310747658
29.40000000005182	0.013575577357294222	-0.013575577357294113	0.0031299907720012316	-0.0031299907720011085
29.50000000005184	0.013572897252569474	-0.013572897252569386	0.0031276038793803837	-0.0031276038793802505
29.600000000051864	0.013569911912746379	-0.013569911912746315	0.0031237371198891777	-0.0031237371198890437
29.700000000051887	0.013566932816270359	-0.013566932816270317	0.0031189026521285844	-0.0031189026521284535
29.80000000005191	0.013564292795820936	-0.013564292795820916	0.0031139809960663545	-0.003113980996066234
29.900000000051932	0.013562267491642983	-0.013562267491642981	0.0031099353824745315	-0.003109935382474427
30.000000000051955	0.013561001594674573	-0.013561001594674582	0.0031074931667858896	-0.0031074931667858085
30.100000000051978	0.013560457608195223	-0.013560457608195233	0.003106900810966273	-0.003106900810966218
30.200000000052	0.01356040804809887	-0.013560408048098875	0.003107837875971836	-0.0031078378759718016
30.300000000052023	0.013560485937976615	-0.013560485937976608	0.0031095241083866506	-0.0031095241083866276
30.400000000052046	0.01356029107543715	-0.013560291075437136	0.0031109878993372613	-0.0031109878993372435
30.50000000005207	0.013559525790565904	-0.013559525790565883	0.0031114064582623345	-0.003111406458262315
30.60000000005209	0.013558114411156275	-0.013558114411156253	0.0031103992280469956	-0.0031103992280469787
30.700000000052114	0.013556256763483276	-0.013556256763483248	0.003108168547813738	-0.0031081685478137264
30.800000000052137	0.013554383686016774	-0.013554383686016743	0.003105433083847212	-0.003105433083847203
30.90000000005216	0.013553017955988764	-0.013553017955988728	0.0031031731149928775	-0.003103173114992863
31.000000000052182	0.013552584041141036	-0.013552584041140998	0.0031022761007638926	-0.0031022761007638744
31.100000000052205	0.013553237181594333	-0.013553237181594294	0.0031032099927842953	-0.003103209992784277
31.200000000052228	0.013554782526246652	-0.013554782526246608	0.0031058446397175515	-0.003105844639717527
31.30000000005225	0.013556725037251369	-0.013556725037251322	0.003109489449353002	-0.0031094894493529693
31.400000000052273	0.013558440575824471	-0.013558440575824423	0.0031131365328385912	-0.003113136532838558
31.500000000052296	0.013559407945100776	-0.013559407945100731	0.0031158220257728746	-0.0031158220257728425
31.60000000005232	0.013559412474654323	-0.013559412474654283	0.003116973209633778	-0.003116973209633752
31.70000000005234	0.013558637995130934	-0.013558637995130894	0.003116613105330572	-0.00311661310533055
31.800000000052364	0.013557605292686773	-0.013557605292686735	0.003115346526668399	-0.0031153465266683784
31.900000000052387	0.013556975775958435	-0.013556975775958397	0.003114132790262994	-0.003114132790262974
32.00000000005241	0.013557294508055652	-0.013557294508055612	0.003113929742567822	-0.0031139297425678007
32.10000000005243	0.013558773558933378	-0.013558773558933339	0.0031153413518911818	-0.0031153413518911622
32.200000000052455	0.013561202762907218	-0.013561202762907178	0.003118398856155102	-0.003118398856155083
32.30000000005248	0.013564025181928641	-0.013564025181928601	0.003122554492298973	-0.0031225544922989534
32.4000000000525	0.013566548803592954	-0.013566548803592914	0.0031268868763707396	-0.003126886876370721
32.50000000005252	0.013568211146005751	-0.013568211146005716	0.0031304386957198044	-0.0031304386957197866
32.600000000052546	0.013568792108399657	-0.013568792108399627	0.0031325600091722653	-0.0031325600091722497
32.70000000005257	0.01356849139115596	-0.013568491391155936	0.0031331312858195438	-0.003133131285819529
32.80000000005259	0.013567841405663444	-0.013567841405663427	0.003132587874220864	-0.0031325878742208425
32.900000000052614	0.013567492308004638	-0.013567492308004627	0.003131742810825071	-0.003131742810825044
33.00000000005264	0.013567955816387799	-0.013567955816387797	0.0031314788514727743	-0.003131478851472739
33.10000000005266	0.01356940886230839	-0.013569408862308393	0.00313242590066787	-0.0031324259006678284
33.20000000005268	0.013571631893938367	-0.013571631893938375	0.0031347409454237822	-0.003134740945423733
33.300000000052705	0.01357410146897181	-0.013574101468971816	0.003138065678077909	-0.0031380656780778567
33.40000000005273	0.01357619570314924	-0.01357619570314924	0.003141669551109544	-0.003141669551109493
33.50000000005275	0.013577428806692968	-0.013577428806692956	0.003144718955455942	-0.0031447189554558927
33.60000000005277	0.013577623421836861	-0.013577623421836835	0.0031465709447777517	-0.0031465709447777066
33.700000000052796	0.013576958118937901	-0.013576958118937861	0.0031469863854967773	-0.0031469863854967314
33.80000000005282	0.013575878991928667	-0.013575878991928615	0.0031461916097205896	-0.0031461916097205397
33.90000000005284	0.013574917146651641	-0.013574917146651582	0.003144775015179075	-0.0031447750151790137
34.000000000052864	0.01357448713043253	-0.01357448713043247	0.003143463685506515	-0.0031434636855064424
34.10000000005289	0.013574743305008342	-0.013574743305008286	0.003142864198476977	-0.0031428641984768946
34.20000000005291	0.013575543356966134	-0.013575543356966091	0.003143259018803083	-0.0031432590188029894
34.30000000005293	0.013576523751030061	-0.013576523751030028	0.0031445250485831206	-0.0031445250485830135
34.400000000052955	0.013577249575662127	-0.013577249575662111	0.003146195002433196	-0.003146195002433073
34.50000000005298	0.013577377053450296	-0.013577377053450298	0.0031476325875274	-0.00314763258752726
34.600000000053	0.013576768467906007	-0.013576768467906024	0.0031482560897531323	-0.0031482560897529792
34.70000000005302	0.013575523098775709	-0.013575523098775737	0.0031477329924358326	-0.0031477329924356747
34.800000000053046	0.013573922357635378	-0.013573922357635408	0.003146082678424704	-0.0031460826784245536
34.90000000005307	0.013572318313150485	-0.0135723183131505	0.003143658263993694	-0.0031436582639935606
35.00000000005309	0.013571011077869819	-0.01357101107786981	0.003141019670348798	-0.0031410196703486816
35.100000000053114	0.013570158165504347	-0.013570158165504309	0.0031387445276204995	-0.0031387445276204
35.20000000005314	0.013569741669389707	-0.01356974166938963	0.003137241044456725	-0.0031372410444566487
35.30000000005316	0.013569595709452886	-0.013569595709452776	0.003136623262907418	-0.0031366232629073615
35.40000000005318	0.013569476518187674	-0.01356947651818754	0.0031366866309972415	-0.0031366866309972
35.500000000053205	0.013569147147344605	-0.013569147147344461	0.003136988492189686	-0.0031369884921896513
35.60000000005323	0.013568449490885807	-0.013568449490885665	0.00313700458201377	-0.003137004582013735
35.70000000005325	0.01356734518964741	-0.013567345189647285	0.0031363091425349256	-0.0031363091425348844
35.800000000053274	0.013565918980988235	-0.01356591898098814	0.0031347197013272075	-0.003134719701327161
35.900000000053296	0.013564348670546665	-0.013564348670546598	0.0031323596420540036	-0.00313235964205395
36.00000000005332	0.01356285277835048	-0.013562852778350443	0.003129618564059065	-0.0031296185640590037
36.10000000005334	0.013561629967231443	-0.013561629967231438	0.0031270237359963993	-0.0031270237359963325
36.200000000053365	0.013560804703240757	-0.013560804703240772	0.0031250652175976025	-0.0031250652175975353
36.30000000005339	0.013560392138222762	-0.01356039213822279	0.003124032964155705	-0.0031240329641556426
36.40000000005341	0.013560291928394889	-0.013560291928394927	0.003123920951875519	-0.0031239209518754635
36.50000000005343	0.013560314996867074	-0.013560314996867112	0.003124431572070648	-0.003124431572070607
36.600000000053456	0.013560238997887834	-0.013560238997887868	0.0031250799370410166	-0.0031250799370409954
36.70000000005348	0.013559878871174448	-0.01355987887117448	0.0031253633545330313	-0.0031253633545330326
36.8000000000535	0.013559151501176762	-0.01355915150117679	0.003124937913985065	-0.0031249379139850837
36.900000000053524	0.013558111844223097	-0.01355811184422312	0.0031237404558150795	-0.003123740455815108
37.00000000005355	0.013556944384249788	-0.013556944384249802	0.003122012194576137	-0.0031220121945761663
37.10000000005357	0.013555907798193904	-0.013555907798193911	0.003120214303333966	-0.003120214303333986
37.20000000005359	0.013555248021904985	-0.013555248021904985	0.003118864159306616	-0.0031188641593066203
37.300000000053615	0.013555108873066234	-0.013555108873066234	0.0031183499454337377	-0.0031183499454337273
37.40000000005364	0.013555473626062865	-0.013555473626062865	0.003118790061120332	-0.003118790061120308
37.50000000005366	0.01355616230020729	-0.01355616230020729	0.003119988560401601	-0.0031199885604015604
37.60000000005368	0.01355688991525613	-0.013556889915256134	0.0031215036186182077	-0.003121503618618156
37.700000000053706	0.01355736749768689	-0.0135573674976869	0.003122805039491226	-0.0031228050394911705
37.80000000005373	0.013557409515369198	-0.013557409515369214	0.00312346408734214	-0.0031234640873420874
37.90000000005375	0.013557006587260724	-0.013557006587260752	0.0031233067222013054	-0.0031233067222012603
38.000000000053774	0.013556333708721946	-0.013556333708721988	0.003122474412600231	-0.003122474412600198
38.1000000000538	0.013555688207226205	-0.01355568820722625	0.003121370463261674	-0.003121370463261649
38.20000000005382	0.013555379087044102	-0.013555379087044146	0.0031205117844701666	-0.003120511784470147
38.30000000005384	0.013555609315315614	-0.01355560931531565	0.003120340642468773	-0.0031203406424687597
38.400000000053865	0.013556396569125124	-0.013556396569125143	0.0031210652879490757	-0.0031210652879490636
38.50000000005389	0.01355756388452862	-0.01355756388452862	0.003122587194186502	-0.0031225871941864872
38.60000000005391	0.013558804748164543	-0.013558804748164524	0.003124540271032284	-0.0031245402710322625
38.70000000005393	0.013559798036922486	-0.013559798036922454	0.0031264260868753427	-0.003126426086875311
38.800000000053956	0.013560328516899306	-0.013560328516899273	0.0031277942794336036	-0.0031277942794335576
38.90000000005398	0.013560366330110535	-0.013560366330110516	0.0031284017766186538	-0.003128401776618593
39.000000000054	0.013560074992490666	-0.013560074992490664	0.003128293571070779	-0.0031282935710707093
39.100000000054024	0.013559745450506807	-0.01355974545050683	0.0031277776899427305	-0.0031277776899426486
39.20000000005405	0.01355968248050914	-0.013559682480509183	0.003127306148868947	-0.0031273061488688563
39.30000000005407	0.0135600877734647	-0.013560087773464758	0.0031273074360152167	-0.0031273074360151283
39.40000000005409	0.013560984471423222	-0.013560984471423293	0.003128032230604577	-0.003128032230604491
39.500000000054115	0.013562210914121376	-0.013562210914121457	0.003129467296590202	-0.003129467296590117
39.60000000005414	0.013563484033020752	-0.013563484033020828	0.003131346087116197	-0.0031313460871161135
39.70000000005416	0.013564506189181693	-0.013564506189181758	0.0031332488854317643	-0.0031332488854316854
39.80000000005418	0.013565073647578446	-0.013565073647578491	0.0031347535880228033	-0.003134753588022732
39.900000000054206	0.013565145939676787	-0.013565145939676811	0.0031355817620884584	-0.0031355817620883934
40.00000000005423	0.013564851951807315	-0.013564851951807316	0.0031356886005135436	-0.003135688600513489
40.10000000005425	0.013564433553312927	-0.013564433553312907	0.0031352674543784712	-0.0031352674543784226
40.200000000054274	0.013564150924667432	-0.013564150924667394	0.0031346710085941804	-0.0031346710085941353
40.3000000000543	0.013564186642794698	-0.013564186642794657	0.003134280298148197	-0.0031342802981481504
40.40000000005432	0.013564583777712927	-0.013564583777712889	0.003134369509476798	-0.0031343695094767465
40.50000000005434	0.013565238415672996	-0.013565238415672967	0.0031350136898557575	-0.0031350136898556998
40.600000000054365	0.013565945661026278	-0.01356594566102626	0.003136069365533576	-0.003136069365533509
40.70000000005439	0.013566478762832576	-0.01356647876283257	0.0031372314962113588	-0.0031372314962112837
40.80000000005441	0.013566670604761449	-0.013566670604761456	0.0031381438482281465	-0.0031381438482280615
40.90000000005443	0.013566468441076111	-0.013566468441076125	0.0031385227375435648	-0.003138522737543474
41.000000000054456	0.013565944746452103	-0.013565944746452122	0.003138251457045778	-0.0031382514570456803
41.10000000005448	0.013565264023810789	-0.01356526402381081	0.0031374146159869032	-0.0031374146159868018
41.2000000000545	0.013564620780522214	-0.013564620780522226	0.003136263264728511	-0.0031362632647284052
41.300000000054524	0.013564172365962602	-0.013564172365962602	0.003135125305706949	-0.0031351253057068417
41.40000000005455	0.013563989779753278	-0.013563989779753267	0.003134293368998006	-0.0031342933689979006
41.50000000005457	0.013564041198478987	-0.013564041198478967	0.0031339285381015544	-0.003133928538101457
41.60000000005459	0.013564210641412546	-0.013564210641412524	0.0031340115683912402	-0.0031340115683911526
41.700000000054615	0.013564342523176516	-0.013564342523176495	0.0031343563359017943	-0.0031343563359017136
41.80000000005464	0.013564295533924586	-0.013564295533924568	0.0031346791182165186	-0.0031346791182164466
41.90000000005466	0.013563988056457458	-0.013563988056457445	0.0031346989766168495	-0.0031346989766167844
42.00000000005468	0.013563421694144134	-0.013563421694144125	0.0031342348482281874	-0.0031342348482281315
42.100000000054706	0.013562677349815604	-0.013562677349815599	0.0031332668663522855	-0.003133266866352233
42.20000000005473	0.013561886917952948	-0.013561886917952942	0.0031319420105955036	-0.003131942010595451
42.30000000005475	0.013561190548395339	-0.013561190548395328	0.0031305231286388505	-0.0031305231286387985
42.400000000054774	0.01356069298004476	-0.01356069298004475	0.0031292993579291164	-0.003129299357929067
42.5000000000548	0.01356043204926934	-0.013560432049269332	0.003128488742240841	-0.003128488742240793
42.60000000005482	0.013560368536473884	-0.01356036853647388	0.0031281661859794557	-0.003128166185979412
42.70000000005484	0.01356040016252918	-0.013560400162529183	0.003128241061211588	-0.0031282410612115466
42.800000000054865	0.013560395424999929	-0.013560395424999937	0.0031284917415820976	-0.0031284917415820655
42.90000000005489	0.01356023693789032	-0.013560236937890333	0.003128644827410857	-0.0031286448274108363
43.00000000005491	0.013559860738174398	-0.013559860738174414	0.003128471485366296	-0.0031284714853662835
43.10000000005493	0.013559278791460794	-0.013559278791460802	0.003127867447748655	-0.0031278674477486484
43.200000000054956	0.013558576779018608	-0.01355857677901861	0.0031268889065678472	-0.003126888906567847
43.30000000005498	0.013557887009219066	-0.013557887009219055	0.0031257319183532026	-0.003125731918353206
43.400000000055	0.013557344663896258	-0.013557344663896237	0.003124662715860448	-0.0031246627158604476
43.500000000055024	0.013557041744337087	-0.013557041744337054	0.0031239235881748728	-0.003123923588174866
43.60000000005505	0.013556994646022679	-0.013556994646022634	0.003123647620502912	-0.00312364762050289
43.70000000005507	0.013557137298431516	-0.013557137298431469	0.0031238124494593943	-0.0031238124494593566
43.80000000005509	0.013557343257362128	-0.01355734325736208	0.0031242493245384343	-0.00312424932453838
43.900000000055115	0.013557469846853914	-0.013557469846853867	0.0031247040658715012	-0.0031247040658714314
44.00000000005514	0.013557409134257833	-0.013557409134257788	0.0031249280092710305	-0.0031249280092709437
44.10000000005516	0.013557127431591653	-0.01355712743159161	0.0031247663843967078	-0.0031247663843966154
44.200000000055184	0.013556678606362605	-0.013556678606362558	0.0031242126255290594	-0.003124212625528969
44.300000000055206	0.013556185721269948	-0.013556185721269898	0.0031234094829704876	-0.0031234094829703995
44.40000000005523	0.013555797131854308	-0.013555797131854253	0.0031225969946436045	-0.003122596994643526
44.50000000005525	0.01355563281453615	-0.013555632814536095	0.0031220264257814955	-0.003122026425781423
44.600000000055275	0.013555740630809554	-0.013555740630809502	0.003121871298987196	-0.0031218712989871254
44.7000000000553	0.013556078806662972	-0.013556078806662923	0.003122167324211106	-0.0031221673242110364
44.80000000005532	0.013556531278380855	-0.01355653127838081	0.0031228022600370956	-0.0031228022600370293
44.90000000005534	0.01355695030925767	-0.013556950309257632	0.0031235585279972473	-0.003123558527997189
45.000000000055365	0.01355721056413906	-0.013557210564139029	0.0031241924474286835	-0.003124192447428635
45.10000000005539	0.013557254549247187	-0.013557254549247156	0.0031245211216051885	-0.003124521121605148
45.20000000005541	0.013557112623311315	-0.013557112623311282	0.003124485815744242	-0.003124485815744209
45.300000000055434	0.01355689038960471	-0.013556890389604675	0.0031241697102955763	-0.003124169710295551
45.400000000055456	0.013556728502499695	-0.013556728502499659	0.003123764696803246	-0.003123764696803231
45.50000000005548	0.0135567501131354	-0.013556750113135362	0.0031235001970297328	-0.003123500197029727
45.6000000000555	0.013557015519785227	-0.013557015519785191	0.0031235602155001954	-0.003123560215500195
45.700000000055525	0.0135575005515533	-0.01355750055155326	0.0031240183691117686	-0.003124018369111762
45.80000000005555	0.013558106097639574	-0.013558106097639534	0.003124813472996529	-0.0031248134729965128
45.90000000005557	0.013558694558510638	-0.013558694558510602	0.0031257732609065577	-0.0031257732609065335
46.00000000005559	0.013559139244702206	-0.013559139244702175	0.0031266765572003272	-0.0031266765572003
46.100000000055616	0.013559368441021687	-0.013559368441021671	0.0031273309011617643	-0.0031273309011617327
46.20000000005564	0.013559388391276694	-0.013559388391276692	0.0031276378503694215	-0.00312763785036939
46.30000000005566	0.013559277650685988	-0.013559277650685996	0.00312762336918553	-0.0031276233691854985
46.400000000055684	0.013559155872387393	-0.013559155872387407	0.0031274236820360676	-0.0031274236820360317
46.50000000005571	0.01355913916765176	-0.013559139167651776	0.0031272329073723996	-0.003127232907372358
46.60000000005573	0.013559298487831191	-0.013559298487831207	0.003127231988166615	-0.0031272319881665606
46.70000000005575	0.013559635693351344	-0.013559635693351361	0.003127524367995141	-0.00312752436799508
46.800000000055775	0.013560085043385193	-0.013560085043385206	0.0031281007065019	-0.003128100706501834
46.9000000000558	0.013560538496526985	-0.013560538496526994	0.0031288441003835222	-0.0031288441003834533
47.00000000005582	0.013560884898984936	-0.013560884898984936	0.0031295728095962244	-0.0031295728095961576
47.10000000005584	0.013561048728102555	-0.013561048728102551	0.0031301045325405627	-0.003130104532540501
47.200000000055866	0.013561014886188303	-0.01356101488618829	0.0031303192689565162	-0.0031303192689564603
47.30000000005589	0.01356083152446369	-0.013560831524463673	0.00313019898148634	-0.003130198981486294
47.40000000005591	0.013560590861179495	-0.013560590861179469	0.003129830944609806	-0.003129830944609774
47.500000000055934	0.013560395553926179	-0.01356039555392614	0.0031293746189718563	-0.0031293746189718402
47.60000000005596	0.01356032281318829	-0.013560322813188244	0.0031290045129370387	-0.003129004512937036
47.70000000005598	0.013560398683383905	-0.013560398683383849	0.003128849452065659	-0.0031288494520656644
47.800000000056	0.01356059091386252	-0.013560590913862459	0.0031289493660010626	-0.003128949366001072
47.900000000056025	0.01356082215761606	-0.013560822157616	0.003129244087762773	-0.003129244087762781
48.00000000005605	0.013560998245684843	-0.013560998245684784	0.0031295972173715123	-0.0031295972173715114
48.10000000005607	0.013561041350402163	-0.013561041350402118	0.0031298458967333395	-0.0031298458967333274
48.20000000005609	0.013560916540382053	-0.013560916540382023	0.0031298586007684603	-0.0031298586007684343
48.300000000056116	0.013560642847154409	-0.013560642847154398	0.003129580702660367	-0.003129580702660325
48.40000000005614	0.013560285497500515	-0.01356028549750052	0.0031290522813706154	-0.0031290522813705694
48.50000000005616	0.013559932472390037	-0.013559932472390054	0.003128392622136858	-0.0031283926221368154
48.600000000056184	0.013559663820422714	-0.013559663820422738	0.0031277575475020937	-0.003127757547502061
48.70000000005621	0.013559524435001864	-0.013559524435001887	0.003127285021896803	-0.003127285021896784
48.80000000005623	0.01355950958921004	-0.013559509589210058	0.003127048215728998	-0.003127048215728997
48.90000000005625	0.013559567955827766	-0.013559567955827774	0.0031270322048892294	-0.0031270322048892437
49.000000000056275	0.013559620727688865	-0.013559620727688862	0.003127141898369451	-0.0031271418983694747
49.1000000000563	0.013559589911660553	-0.013559589911660529	0.0031272377304073107	-0.0031272377304073368
49.20000000005632	0.013559425801600525	-0.01355942580160048	0.0031271860317672456	-0.003127186031767264
49.30000000005634	0.013559124079186623	-0.013559124079186555	0.0031269061435229735	-0.0031269061435229744
49.400000000056366	0.013558726758671409	-0.013558726758671317	0.0031263978616556587	-0.0031263978616556305
49.50000000005639	0.013558306933914766	-0.013558306933914655	0.003125740042728073	-0.0031257400427280135
49.60000000005641	0.01355794296761003	-0.013557942967609897	0.0031250615061283278	-0.0031250615061282363
49.700000000056434	0.013557691380349129	-0.013557691380348976	0.003124495057493721	-0.0031244950574936055
49.80000000005646	0.013557567993533902	-0.013557567993533736	0.00312413114049078	-0.003124131140490648
49.90000000005648	0.01355754379093334	-0.01355754379093317	0.003123987388240775	-0.003123987388240643
50.0000000000565	0.013557556635467611	-0.013557556635467448	0.003124004402786259	-0.0031240044027861413
50.100000000056525	0.013557534345916106	-0.013557534345915955	0.003124068656981657	-0.0031240686569815627
50.20000000005655	0.013557420719425964	-0.013557420719425825	0.0031240538828734535	-0.0031240538828733854
50.30000000005657	0.013557195246466815	-0.013557195246466692	0.003123866033499717	-0.0031238660334996764
50.40000000005659	0.013556879736374632	-0.013556879736374535	0.0031234760056720826	-0.0031234760056720627
50.500000000056616	0.013556529887860129	-0.013556529887860056	0.0031229289716694637	-0.0031229289716694585
50.60000000005664	0.013556215214859491	-0.01355621521485944	0.003122327613649247	-0.0031223276136492445
50.70000000005666	0.013555994739051056	-0.013555994739051025	0.0031217957316950567	-0.0031217957316950454
50.800000000056684	0.013555897106619055	-0.013555897106619042	0.0031214353776601667	-0.003121435377660134
50.90000000005671	0.01355591193328704	-0.01355591193328704	0.0031212925875306933	-0.003121292587530641
51.00000000005673	0.013555995002451115	-0.013555995002451124	0.003121343405688082	-0.003121343405688011
51.10000000005675	0.013556085005088323	-0.013556085005088335	0.0031215045376419307	-0.0031215045376418384
51.200000000056775	0.013556125583447057	-0.013556125583447065	0.003121664300410408	-0.0031216643004102953
51.3000000000568	0.013556084850251997	-0.013556084850251997	0.0031217226054346976	-0.003121722605434571
51.40000000005682	0.013555965743691828	-0.013555965743691813	0.0031216258621592032	-0.0031216258621590692
51.50000000005684	0.013555803998996157	-0.013555803998996127	0.003121384804135831	-0.003121384804135695
51.600000000056866	0.013555654883548268	-0.013555654883548218	0.0031210694498581175	-0.0031210694498579883
51.70000000005689	0.01355557361807303	-0.013555573618072954	0.0031207834666710146	-0.0031207834666708953
51.80000000005691	0.0135555963457805	-0.013555596345780399	0.0031206272839383775	-0.0031206272839382713
51.900000000056934	0.013555728059497153	-0.013555728059497032	0.0031206629877961866	-0.0031206629877961
52.00000000005696	0.013555941326706488	-0.013555941326706351	0.0031208931357698	-0.0031208931357697258
52.10000000005698	0.013556185917539407	-0.01355618591753927	0.0031212605656985534	-0.0031212605656984905
52.200000000057	0.013556405819041068	-0.01355640581904094	0.003121668869978208	-0.0031216688699781526
52.300000000057025	0.01355655778245205	-0.01355655778245194	0.0031220160567227754	-0.0031220160567227238
52.40000000005705	0.013556625201718702	-0.013556625201718618	0.0031222294807957242	-0.003122229480795672
52.50000000005707	0.013556622803156167	-0.013556622803156108	0.003122289883867186	-0.003122289883867133
52.60000000005709	0.013556590740098344	-0.013556590740098311	0.003122236354107033	-0.003122236354106981
52.700000000057116	0.013556580203714334	-0.013556580203714327	0.003122150772978416	-0.0031221507729783647
52.80000000005714	0.01355663544872726	-0.013556635448727273	0.003122127485804356	-0.003122127485804307
52.90000000005716	0.013556778299579016	-0.01355677829957904	0.00312223902240842	-0.003122239022408376
53.000000000057184	0.013557000370979054	-0.01355700037097908	0.00312250995304387	-0.0031225099530438286
53.10000000005721	0.01355726566287546	-0.013557265662875479	0.003122907984368048	-0.0031229079843680028
53.20000000005723	0.013557522696216908	-0.013557522696216911	0.003123355251563458	-0.003123355251563402
53.30000000005725	0.013557722087231144	-0.01355772208723113	0.003123755621115871	-0.0031237556211158066
53.400000000057275	0.013557833522718834	-0.013557833522718799	0.003124028202155732	-0.003124028202155658
53.5000000000573	0.013557856199340166	-0.013557856199340117	0.003124135148681904	-0.0031241351486818226
53.60000000005732	0.013557818961493657	-0.013557818961493592	0.003124093956053541	-0.0031240939560534566
53.700000000057344	0.013557769931211737	-0.013557769931211662	0.00312397004416541	-0.003123970044165331
53.800000000057366	0.013557759161705782	-0.0135577591617057	0.003123852473016352	-0.003123852473016276
53.90000000005739	0.013557820430955533	-0.013557820430955452	0.0031238216279427036	-0.003123821627942636
54.00000000005741	0.013557958741530601	-0.013557958741530523	0.0031239204986653886	-0.0031239204986653313
54.100000000057435	0.013558148160622532	-0.013558148160622459	0.003124139771796214	-0.0031241397717961705
54.20000000005746	0.013558340943511476	-0.013558340943511408	0.003124421889026759	-0.0031244218890267295
54.30000000005748	0.0135584847433956	-0.013558484743395542	0.003124682345964147	-0.003124682345964136
54.4000000000575	0.013558541655143376	-0.013558541655143332	0.003124840322129084	-0.003124840322129085
54.500000000057526	0.013558502054347063	-0.013558502054347023	0.003124847478334617	-0.003124847478334624
54.60000000005755	0.013558388037934323	-0.013558388037934282	0.003124704587261969	-0.0031247045872619785
54.70000000005757	0.013558245113240754	-0.013558245113240715	0.0031244602284229302	-0.0031244602284229385
54.800000000057594	0.01355812519573185	-0.01355812519573181	0.0031241923676922326	-0.003124192367692234
54.90000000005762	0.013558067279985566	-0.013558067279985526	0.003123979820312227	-0.0031239798203122194
55.00000000005764	0.013558083055887028	-0.01355808305588699	0.0031238741146323292	-0.003123874114632315
55.10000000005766	0.01355815287371069	-0.013558152873710655	0.003123881894364326	-0.0031238818943643107
55.200000000057685	0.013558233517045989	-0.013558233517045961	0.0031239639372335425	-0.003123963937233526
55.30000000005771	0.013558274739604933	-0.013558274739604909	0.003124050694145518	-0.0031240506941455034
55.40000000005773	0.013558238207109032	-0.013558238207109014	0.0031240682744979867	-0.003124068274497979
55.50000000005775	0.013558111642670593	-0.013558111642670583	0.003123965200493838	-0.0031239652004938423
55.600000000057776	0.01355791291413815	-0.013557912914138149	0.0031237302744874028	-0.0031237302744874266
55.7000000000578	0.013557682740068936	-0.013557682740068942	0.0031233954288628707	-0.0031233954288629154
55.80000000005782	0.013557469065071952	-0.013557469065071959	0.0031230230561539877	-0.00312302305615405
55.900000000057844	0.01355730925431525	-0.01355730925431525	0.003122682924641241	-0.003122682924641322
56.00000000005787	0.013557216904002217	-0.013557216904002202	0.003122427334772451	-0.0031224273347725436
56.10000000005789	0.01355717807455889	-0.013557178074558859	0.003122273460003491	-0.0031222734600035913
56.20000000005791	0.013557157983379559	-0.013557157983379505	0.003122198876629848	-0.0031221988766299462
56.300000000057935	0.013557115173565977	-0.013557115173565903	0.003122151325639039	-0.003122151325639133
56.40000000005796	0.013557017475488048	-0.01355701747548795	0.0031220686442868513	-0.003122068644286932
56.50000000005798	0.01355685368649607	-0.013556853686495958	0.0031219013909551652	-0.003121901390955227
56.600000000058	0.013556636846766506	-0.013556636846766381	0.0031216300931562434	-0.0031216300931562824
56.700000000058026	0.0135563984019329	-0.01355639840193277	0.0031212713328469996	-0.0031212713328470122
56.80000000005805	0.013556176010966776	-0.01355617601096665	0.003120871076328758	-0.0031208710763287444
56.90000000005807	0.013555999942235244	-0.013555999942235128	0.003120488173726666	-0.0031204881737266327
57.000000000058094	0.013555883155160407	-0.013555883155160299	0.0031201741988882777	-0.00312017419888823
57.10000000005812	0.0135558183881934	-0.013555818388193298	0.0031199567281382976	-0.003119956728138244
57.20000000005814	0.013555782706066312	-0.013555782706066218	0.0031198315940433956	-0.003119831594043343
57.30000000005816	0.013555747188829112	-0.013555747188829029	0.0031197662938527247	-0.003119766293852681
57.400000000058185	0.013555687809106811	-0.013555687809106742	0.00311971283784536	-0.00311971283784533
57.50000000005821	0.013555593535701542	-0.013555593535701483	0.003119625236014454	-0.0031196252360144424
57.60000000005823	0.013555469135858129	-0.01355546913585808	0.003119475518937801	-0.003119475518937804
57.70000000005825	0.013555332313329256	-0.013555332313329213	0.0031192629855194645	-0.0031192629855194775
57.800000000058276	0.013555206821511893	-0.013555206821511859	0.003119013872769943	-0.003119013872769958
57.9000000000583	0.013555114328895217	-0.01355511432889519	0.0031187719337794	-0.003118771933779415
58.00000000005832	0.013555067821378898	-0.013555067821378877	0.0031185833824888556	-0.0031185833824888586
58.100000000058344	0.013555068401177133	-0.013555068401177116	0.003118481382008845	-0.003118481382008833
58.20000000005837	0.0135551059849774	-0.013555105984977384	0.003118475229191709	-0.003118475229191682
58.30000000005839	0.01355516316053625	-0.01355516316053623	0.003118547701694716	-0.0031185477016946786
58.40000000005841	0.013555220701405874	-0.01355522070140585	0.0031186612764064286	-0.0031186612764063796
58.500000000058435	0.01355526306296857	-0.013555263062968535	0.0031187710023629542	-0.0031187710023629
58.60000000005846	0.013555282462547204	-0.01355528246254716	0.0031188396498794285	-0.0031188396498793712
58.70000000005848	0.013555280662305087	-0.013555280662305035	0.0031188500425068408	-0.003118850042506787
58.8000000000585	0.013555268145380684	-0.013555268145380623	0.0031188104356389256	-0.0031188104356388814
58.900000000058526	0.013555260921586784	-0.013555260921586718	0.0031187511326274298	-0.0031187511326273964
59.00000000005855	0.013555275705713053	-0.013555275705712988	0.0031187134790416076	-0.0031187134790415885
59.10000000005857	0.013555324652859494	-0.013555324652859442	0.003118734980490782	-0.00311873498049077
59.200000000058594	0.013555411110333567	-0.013555411110333536	0.003118835666013473	-0.0031188356660134674
59.30000000005862	0.013555527791066878	-0.013555527791066873	0.003119010465235651	-0.003119010465235641
59.40000000005864	0.013555658255874825	-0.01355565825587484	0.0031192303517275756	-0.0031192303517275583
59.50000000005866	0.01355578163007357	-0.0135557816300736	0.003119451974492403	-0.003119451974492381
59.600000000058685	0.013555879317372198	-0.013555879317372234	0.0031196324870082213	-0.0031196324870081996
59.70000000005871	0.013555941537411036	-0.013555941537411076	0.003119744361928815	-0.0031197443619287958
59.80000000005873	0.013555971252247438	-0.013555971252247476	0.0031197848784536254	-0.0031197848784536076
59.90000000005875	0.013555983715342564	-0.013555983715342597	0.0031197767880226566	-0.0031197767880226466
60.000000000058776	0.013556001363330964	-0.013556001363330987	0.003119759801871417	-0.0031197598018714123
60.1000000000588	0.013556045578846774	-0.013556045578846784	0.003119775888381734	-0.0031197758883817366
60.20000000005882	0.013556128261078762	-0.013556128261078758	0.003119853687056972	-0.0031198536870569787
60.300000000058844	0.013556246500588648	-0.013556246500588632	0.003119997747970108	-0.0031199977479701153
60.40000000005887	0.013556382693065782	-0.013556382693065756	0.0031201865924852055	-0.0031201865924852155
60.50000000005889	0.013556510414063824	-0.013556510414063794	0.0031203803593221557	-0.003120380359322164
60.60000000005891	0.01355660406694445	-0.013556604066944417	0.00312053523849433	-0.0031205352384943335
60.700000000058935	0.013556648659020704	-0.013556648659020667	0.003120619345840606	-0.0031206193458406034
60.80000000005896	0.013556645801806145	-0.013556645801806114	0.0031206241333865993	-0.003120624133386594
60.90000000005898	0.013556613370035817	-0.013556613370035784	0.0031205670981995495	-0.0031205670981995434
61.000000000059	0.013556578720389002	-0.013556578720388967	0.003120484825886874	-0.0031204848258868643
61.100000000059026	0.013556567987583314	-0.013556567987583278	0.0031204190424196252	-0.0031204190424196114
61.20000000005905	0.013556595654012292	-0.01355659565401225	0.003120400960727216	-0.0031204009607272046
61.30000000005907	0.013556658592452062	-0.01355665859245202	0.003120439800178926	-0.003120439800178914
61.400000000059094	0.013556737054890385	-0.01355673705489034	0.0031205197125673285	-0.003120519712567316
61.50000000005912	0.013556802298540909	-0.013556802298540858	0.003120606116452603	-0.003120606116452587
61.60000000005914	0.013556827838750504	-0.013556827838750446	0.003120658878525264	-0.003120658878525241
61.70000000005916	0.01355679982235075	-0.013556799822350687	0.0031206472543330852	-0.0031206472543330575
61.800000000059185	0.01355672235854842	-0.013556722358548351	0.003120560958070378	-0.0031205609580703497
61.90000000005921	0.013556615696345486	-0.013556615696345415	0.0031204133358900387	-0.0031204133358900066
62.00000000005923	0.013556508049794096	-0.013556508049794023	0.003120235702195386	-0.0031202357021953473
62.100000000059254	0.013556424436767139	-0.013556424436767073	0.0031200652445436128	-0.0031200652445435716
62.200000000059276	0.01355637705549928	-0.01355637705549923	0.0031199312274959234	-0.0031199312274958813
62.3000000000593	0.01355636101425527	-0.013556361014255239	0.0031198446816828687	-0.0031198446816828296
62.40000000005932	0.013556356976544379	-0.013556356976544368	0.0031197952518045424	-0.003119795251804505
62.500000000059345	0.013556339448726666	-0.01355633944872667	0.003119756052993938	-0.003119756052993905
62.60000000005937	0.013556287201879132	-0.013556287201879146	0.0031196943760276935	-0.003119694376027662
62.70000000005939	0.01355619158795236	-0.013556191587952378	0.0031195840299524723	-0.003119584029952443
62.80000000005941	0.01355605953159492	-0.01355605953159494	0.003119414733663436	-0.0031194147336634065
62.900000000059435	0.013555910266185568	-0.013555910266185583	0.0031191953095016435	-0.003119195309501615
63.00000000005946	0.013555767441331234	-0.013555767441331246	0.0031189498861870606	-0.0031189498861870315
63.10000000005948	0.013555649995566518	-0.013555649995566525	0.003118708902803678	-0.0031187089028036513
63.200000000059504	0.013555565478522711	-0.013555565478522717	0.003118498458873774	-0.0031184984588737484
63.300000000059526	0.013555508286573122	-0.013555508286573124	0.003118331897867559	-0.0031183318978675392
63.40000000005955	0.013555463139403576	-0.013555463139403581	0.0031182064300967222	-0.0031182064300966997
63.50000000005957	0.013555412010082755	-0.013555412010082766	0.0031181056056952495	-0.0031181056056952235
63.600000000059595	0.013555341493668193	-0.013555341493668214	0.0031180063347432513	-0.0031180063347432214
63.70000000005962	0.013555247692810858	-0.013555247692810895	0.0031178876806257257	-0.0031178876806256923
63.80000000005964	0.01355513696298657	-0.013555136962986622	0.003117738278275088	-0.0031177382782750533
63.90000000005966	0.01355502266927789	-0.013555022669277956	0.0031175599690620027	-0.0031175599690619693
64.00000000005969	0.013554919664291414	-0.01355491966429149	0.0031173667269405033	-0.003117366726940473
64.10000000005971	0.013554838888550936	-0.013554838888551012	0.0031171795943862038	-0.003117179594386177
64.20000000005973	0.013554784133670669	-0.013554784133670733	0.003117019589082131	-0.003117019589082114
64.30000000005975	0.013554751872655525	-0.013554751872655568	0.003116901026774527	-0.0031169010267745254
64.40000000005978	0.013554733724216613	-0.01355473372421663	0.0031168273679204514	-0.0031168273679204692
64.5000000000598	0.013554720165607631	-0.013554720165607617	0.003116790737065163	-0.003116790737065198
64.60000000005982	0.013554703882247708	-0.013554703882247662	0.003116775044676771	-0.0031167750446768274
64.70000000005984	0.013554681617619036	-0.013554681617618962	0.0031167615470196613	-0.003116761547019737
64.80000000005987	0.013554654232756596	-0.013554654232756492	0.0031167350095202425	-0.003116735009520337
64.90000000005989	0.013554625457745469	-0.013554625457745346	0.003116688542203652	-0.003116688542203754
65.00000000005991	0.01355460018533151	-0.013554600185331375	0.003116625639196606	-0.0031166256391967147
65.10000000005994	0.013554583040037508	-0.013554583040037373	0.0031165588268366024	-0.003116558826836709
65.20000000005996	0.013554577531118368	-0.01355457753111824	0.0031165053611686808	-0.003116505361168777
65.30000000005998	0.013554585668191548	-0.013554585668191435	0.003116481330002512	-0.003116481330002588
65.40000000006	0.013554607736581232	-0.013554607736581136	0.003116496043234952	-0.0031164960432350035
65.50000000006003	0.013554642061108303	-0.013554642061108228	0.00311654856160455	-0.0031165485616045817
65.60000000006005	0.01355468489040488	-0.013554684890404824	0.0031166275898138456	-0.0031166275898138573
65.70000000006007	0.01355473075689001	-0.013554730756889967	0.003116714896364004	-0.003116714896364
65.8000000000601	0.01355477360681726	-0.013554773606817226	0.003116791232569354	-0.0031167912325693412
65.90000000006012	0.01355480862553133	-0.013554808625531297	0.003116842801959883	-0.003116842801959867
66.00000000006014	0.013554834187897435	-0.013554834187897404	0.0031168660271759996	-0.0031168660271759826
66.10000000006016	0.013554853041181899	-0.013554853041181867	0.0031168688405192628	-0.0031168688405192476
66.20000000006019	0.013554871925802014	-0.013554871925801987	0.00311686788102992	-0.0031168678810299154
66.30000000006021	0.013554899404574952	-0.013554899404574923	0.003116882443246413	-0.0031168824432464175
66.40000000006023	0.013554942493600687	-0.013554942493600652	0.003116927265256144	-0.003116927265256161
66.50000000006025	0.013555003382536965	-0.013555003382536927	0.0031170067778700764	-0.003117006777870105
66.60000000006028	0.01355507772103671	-0.013555077721036663	0.0031171130090377076	-0.00311711300903774
66.7000000000603	0.013555155458755942	-0.013555155458755888	0.0031172280515486647	-0.0031172280515486955
66.80000000006032	0.013555224202364761	-0.013555224202364699	0.003117330306304382	-0.0031173303063044026
66.90000000006034	0.013555273916937843	-0.013555273916937774	0.00311740224685533	-0.0031174022468553413
67.00000000006037	0.013555301072788396	-0.013555301072788321	0.003117436797773735	-0.0031174367977737333
67.10000000006039	0.01355531040051365	-0.013555310400513573	0.003117439870474711	-0.0031174398704747015
67.20000000006041	0.013555313309322007	-0.013555313309321934	0.0031174280195632458	-0.0031174280195632328
67.30000000006044	0.013555323407930045	-0.013555323407929979	0.003117422043572934	-0.003117422043572921
67.40000000006046	0.013555350854946063	-0.013555350854946002	0.003117438934902374	-0.0031174389349023644
67.50000000006048	0.013555397874406112	-0.013555397874406058	0.0031174852544043983	-0.0031174852544043935
67.6000000000605	0.013555457392853087	-0.013555457392853038	0.003117554484209888	-0.0031175544842098864
67.70000000006053	0.01355551550523612	-0.013555515505236076	0.0031176293864174274	-0.003117629386417424
67.80000000006055	0.013555556869096074	-0.013555556869096035	0.003117688457360142	-0.00311768845736014
67.90000000006057	0.013555570849961573	-0.013555570849961538	0.0031177139799858917	-0.0031177139799858883
68.0000000000606	0.013555555862372762	-0.013555555862372736	0.003117698567966006	-0.0031176985679660014
68.10000000006062	0.013555520058633141	-0.013555520058633122	0.003117647703316255	-0.0031176477033162493
68.20000000006064	0.013555478028485713	-0.013555478028485694	0.0031175773482470994	-0.003117577348247099
68.30000000006066	0.013555444849222067	-0.013555444849222045	0.0031175076307606506	-0.003117507630760657
68.40000000006069	0.01355542994862844	-0.01355542994862841	0.0031174551028073133	-0.003117455102807325
68.50000000006071	0.013555433327300382	-0.013555433327300343	0.0031174265676035817	-0.003117426567603599
68.60000000006073	0.013555445693443791	-0.013555445693443744	0.003117416794452143	-0.0031174167944521603
68.70000000006075	0.013555452417975214	-0.01355545241797516	0.0031174108796037494	-0.003117410879603764
68.80000000006078	0.01355543962493117	-0.013555439624931108	0.0031173902051358803	-0.003117390205135888
68.9000000000608	0.013555399868233666	-0.01355539986823359	0.0031173396072104436	-0.003117339607210444
69.00000000006082	0.013555335066863976	-0.01355533506686389	0.003117252995343888	-0.003117252995343885
69.10000000006085	0.01355525556302716	-0.01355525556302707	0.003117135370030084	-0.0031171353700300756
69.20000000006087	0.013555175805979794	-0.013555175805979707	0.003117000646396127	-0.003117000646396119
69.30000000006089	0.01355510854440198	-0.013555108544401902	0.003116866306269635	-0.0031168663062696245
69.40000000006091	0.013555059958335362	-0.013555059958335298	0.0031167470405701584	-0.003116747040570149
69.50000000006094	0.013555027675630224	-0.01355502767563018	0.0031166497982843037	-0.003116649798284294
69.60000000006096	0.013555002342047356	-0.013555002342047328	0.003116571984469426	-0.0031165719844694195
69.70000000006098	0.013554971918792055	-0.013554971918792045	0.003116503265146433	-0.0031165032651464283
69.800000000061	0.013554926804795558	-0.013554926804795564	0.003116430071088211	-0.0031164300710882103
69.90000000006103	0.013554863653860931	-0.013554863653860941	0.0031163409661435298	-0.0031163409661435298
70.00000000006105	0.013554786426757028	-0.013554786426757044	0.0031162308707035464	-0.003116230870703545
70.10000000006107	0.01355470445024077	-0.013554704450240792	0.003116102708301993	-0.0031161027083019908
70.2000000000611	0.01355462849552223	-0.013554628495522246	0.00311596609155932	-0.003115966091559315
70.30000000006112	0.013554566616883916	-0.013554566616883923	0.003115833753187737	-0.0031158337531877298
70.40000000006114	0.013554521439963737	-0.013554521439963736	0.003115717158652019	-0.00311571715865201
70.50000000006116	0.013554489842896969	-0.01355448984289696	0.003115622885391539	-0.003115622885391528
70.60000000006119	0.013554464905787664	-0.013554464905787652	0.003115550933078128	-0.003115550933078121
70.70000000006121	0.013554439094155386	-0.01355443909415537	0.003115495355831582	-0.00311549535583158
70.80000000006123	0.013554407258680408	-0.013554407258680392	0.0031154467916497835	-0.00311544679164979
70.90000000006125	0.013554368283919727	-0.013554368283919713	0.0031153958873972355	-0.0031153958873972464
71.00000000006128	0.013554324925473694	-0.01355432492547368	0.003115336436487432	-0.0031153364364874493
71.1000000000613	0.013554282181939577	-0.013554282181939567	0.0031152672617062237	-0.003115267261706249
71.20000000006132	0.013554245095029886	-0.01355424509502988	0.0031151923614413527	-0.0031151923614413874
71.30000000006135	0.013554216956023882	-0.013554216956023876	0.00311511940770336	-0.0031151194077034014
71.40000000006137	0.013554198548162786	-0.013554198548162776	0.003115057162921973	-0.0031150571629220162
71.50000000006139	0.01355418849345029	-0.013554188493450277	0.003115012652287764	-0.0031150126522878027
71.60000000006141	0.013554184286732789	-0.013554184286732777	0.0031149889466577834	-0.0031149889466578176
71.70000000006144	0.013554183402095138	-0.013554183402095125	0.0031149842001970286	-0.003114984200197063
71.80000000006146	0.01355418399038235	-0.01355418399038234	0.0031149922144542833	-0.0031149922144543137
71.90000000006148	0.01355418502631196	-0.013554185026311947	0.0031150043603731395	-0.0031150043603731616
72.0000000000615	0.013554186096579157	-0.013554186096579147	0.003115012288413372	-0.0031150122884133808
72.10000000006153	0.013554187166019051	-0.013554187166019041	0.003115010599956455	-0.0031150105999564505
72.20000000006155	0.013554188561143767	-0.013554188561143755	0.0031149986242666973	-0.003114998624266685
72.30000000006157	0.013554191157738461	-0.013554191157738442	0.00311498067892933	-0.003114980678929316
72.4000000000616	0.01355419652638165	-0.013554196526381625	0.003114964647703852	-0.0031149646477038433
72.50000000006162	0.013554206734672928	-0.013554206734672907	0.0031149592661330813	-0.003114959266133076
72.60000000006164	0.013554223677488906	-0.01355422367748889	0.0031149709823834293	-0.0031149709823834297
72.70000000006166	0.013554248117860398	-0.013554248117860391	0.0031150014773218015	-0.003115001477321809
72.80000000006169	0.013554278889670493	-0.013554278889670495	0.003115046772069428	-0.003115046772069448
72.90000000006171	0.013554312764550344	-0.013554312764550356	0.0031150983386976122	-0.003115098338697643
73.00000000006173	0.013554345250879346	-0.013554345250879368	0.00311514591729597	-0.003115145917296005
73.10000000006175	0.013554372158204212	-0.013554372158204242	0.0031151810850644415	-0.0031151810850644744
73.20000000006178	0.013554391332168415	-0.013554391332168448	0.0031152002809662353	-0.003115200280966268
73.3000000000618	0.013554403771278796	-0.013554403771278832	0.0031152061228938237	-0.003115206122893853
73.40000000006182	0.013554413509468451	-0.013554413509468488	0.003115206446568986	-0.0031152064465690132
73.50000000006185	0.013554426146598226	-0.013554426146598261	0.0031152113437806573	-0.003115211343780684
73.60000000006187	0.013554446524842455	-0.013554446524842485	0.003115229261537805	-0.0031152292615378306
73.70000000006189	0.013554476497043234	-0.013554476497043255	0.0031152636283361896	-0.0031152636283362165
73.80000000006191	0.013554513784780765	-0.013554513784780783	0.003115311319530731	-0.003115311319530765
73.90000000006194	0.013554552521346517	-0.013554552521346528	0.0031153635981887528	-0.0031153635981888
74.00000000006196	0.013554585370108715	-0.013554585370108722	0.0031154092205106054	-0.0031154092205106627
74.10000000006198	0.01355460640463151	-0.013554606404631518	0.0031154385447952947	-0.0031154385447953563
74.200000000062	0.013554613553396714	-0.013554613553396724	0.003115447071408659	-0.003115447071408716
74.30000000006203	0.01355460953910146	-0.013554609539101474	0.0031154370418892633	-0.003115437041889312
74.40000000006205	0.013554600847312949	-0.013554600847312966	0.0031154164689169506	-0.003115416468916984
74.50000000006207	0.013554595092293304	-0.013554595092293328	0.0031153959665133615	-0.003115395966513375
74.6000000000621	0.01355459784884967	-0.013554597848849695	0.0031153846072384623	-0.0031153846072384593
74.70000000006212	0.013554610276128717	-0.013554610276128748	0.003115386409475316	-0.0031153864094752926
74.80000000006214	0.013554628549382273	-0.013554628549382306	0.0031153988041514873	-0.0031153988041514443
74.90000000006216	0.013554645363279858	-0.013554645363279898	0.003115413649616671	-0.0031154136496166166
75.00000000006219	0.013554652895588984	-0.013554652895589029	0.003115420368700549	-0.00311542036870049
75.10000000006221	0.013554645999766548	-0.013554645999766593	0.0031154099680371313	-0.003115409968037077
75.20000000006223	0.013554624297248106	-0.013554624297248146	0.0031153783837915678	-0.0031153783837915235
75.30000000006225	0.01355459230672849	-0.01355459230672852	0.0031153278937762034	-0.0031153278937761804
75.40000000006228	0.013554557576283035	-0.013554557576283053	0.0031152661127726994	-0.003115266112772695
75.5000000000623	0.013554527618176344	-0.013554527618176347	0.0031152030285807046	-0.0031152030285807185
75.60000000006232	0.013554506930961347	-0.013554506930961337	0.003115147269122925	-0.0031151472691229505
75.70000000006235	0.013554495329621788	-0.013554495329621762	0.003115103038729947	-0.0031151030387299747
75.80000000006237	0.013554488231148467	-0.013554488231148434	0.0031150688480356035	-0.003115068848035634
75.90000000006239	0.013554478715405913	-0.013554478715405873	0.003115038432578692	-0.003115038432578722
76.00000000006241	0.013554460455617635	-0.013554460455617588	0.0031150034106863234	-0.00311500341068635
76.10000000006244	0.013554430290521738	-0.013554430290521684	0.0031149566009985893	-0.0031149566009986106
76.20000000006246	0.013554389410539297	-0.013554389410539238	0.0031148947324196635	-0.003114894732419674
76.30000000006248	0.013554342746593374	-0.013554342746593307	0.0031148195788828644	-0.003114819578882862
76.4000000000625	0.013554296905182192	-0.013554296905182119	0.003114737193550919	-0.0031147371935509025
76.50000000006253	0.013554257564981872	-0.0135542575649818	0.003114655637200796	-0.0031146556372007674
76.60000000006255	0.013554227411311553	-0.01355422741131148	0.0031145821190829972	-0.0031145821190829617
76.70000000006257	0.013554205393924205	-0.013554205393924133	0.0031145206166134564	-0.0031145206166134157
76.8000000000626	0.013554187501864573	-0.013554187501864502	0.0031144707890780068	-0.0031144707890779656
76.90000000006262	0.013554168623452687	-0.013554168623452616	0.003114428476177524	-0.0031144284761774866
77.00000000006264	0.013554144661208271	-0.013554144661208196	0.0031143874890105184	-0.003114387489010495
77.10000000006266	0.013554114046111962	-0.013554114046111888	0.0031143419731449033	-0.003114341973144897
77.20000000006269	0.013554078119874472	-0.013554078119874398	0.0031142884864964193	-0.003114288486496431
77.30000000006271	0.013554040360340518	-0.013554040360340445	0.0031142271062529884	-0.0031142271062530157
77.40000000006273	0.013554004886203156	-0.013554004886203086	0.003114161266773123	-0.003114161266773162
77.50000000006276	0.013553974907945836	-0.013553974907945776	0.0031140964791329996	-0.0031140964791330464
77.60000000006278	0.01355395172474216	-0.013553951724742106	0.003114038437084654	-0.003114038437084702
77.7000000000628	0.013553934567776045	-0.013553934567775995	0.003113991169794798	-0.0031139911697948383
77.80000000006282	0.013553921214620382	-0.013553921214620337	0.0031139558328376784	-0.003113955832837704
77.90000000006285	0.01355390901381309	-0.01355390901381305	0.003113930482835778	-0.003113930482835794
78.00000000006287	0.013553895867660117	-0.01355389586766008	0.0031139108517218945	-0.0031139108517219015
78.10000000006289	0.01355388082878877	-0.013553880828788735	0.0031138918289547804	-0.0031138918289547782
78.20000000006291	0.013553864189226016	-0.013553864189225983	0.0031138691598352843	-0.0031138691598352783
78.30000000006294	0.013553847160760125	-0.013553847160760092	0.0031138408227591504	-0.003113840822759144
78.40000000006296	0.013553831367472168	-0.013553831367472131	0.0031138076610667596	-0.0031138076610667605
78.50000000006298	0.013553818365790829	-0.013553818365790789	0.0031137730792633513	-0.0031137730792633604
78.600000000063	0.013553809312219871	-0.013553809312219825	0.0031137419023035927	-0.0031137419023036174
78.70000000006303	0.013553804788492819	-0.01355380478849277	0.003113718759095698	-0.003113718759095738
78.80000000006305	0.013553804733549439	-0.013553804733549389	0.0031137065097860276	-0.0031137065097860813
78.90000000006307	0.013553808442565199	-0.01355380844256515	0.0031137052373442866	-0.003113705237344358
79.0000000000631	0.01355381464609255	-0.013553814646092502	0.0031137121567663905	-0.003113712156766473
79.10000000006312	0.013553821720995757	-0.013553821720995708	0.0031137225015271876	-0.0031137225015272748
79.20000000006314	0.013553828064258717	-0.013553828064258666	0.0031137311151300468	-0.003113731115130132
79.30000000006316	0.013553832577652473	-0.013553832577652428	0.0031137342171328676	-0.0031137342171329444
79.40000000006319	0.01355383510950458	-0.013553835109504541	0.003113730725402086	-0.0031137307254021497
79.50000000006321	0.013553836646969918	-0.013553836646969887	0.0031137226450473738	-0.00311372264504742
79.60000000006323	0.013553839099876243	-0.013553839099876218	0.0031137143491750227	-0.00311371434917505
79.70000000006326	0.013553844666990373	-0.013553844666990358	0.003113710974026203	-0.003113710974026214
79.80000000006328	0.013553854970086439	-0.013553854970086427	0.003113716487637133	-0.003113716487637131
79.9000000000633	0.013553870287433286	-0.01355387028743328	0.003113732135445699	-0.0031137321354456865
80.00000000006332	0.013553889232763836	-0.013553889232763832	0.0031137558519704666	-0.003113755851970445
80.10000000006335	0.013553909079655896	-0.013553909079655896	0.0031137828849425717	-0.0031137828849425483
80.20000000006337	0.013553926671842962	-0.013553926671842966	0.003113807428298041	-0.00311380742829802
80.30000000006339	0.013553939595495073	-0.013553939595495074	0.0031138246727524005	-0.003113824672752383
80.40000000006341	0.01355394714223439	-0.013553947142234388	0.0031138325099914006	-0.0031138325099913907
80.50000000006344	0.013553950640382516	-0.013553950640382511	0.003113832242911039	-0.0031138322429110454
80.60000000006346	0.013553952971210514	-0.013553952971210514	0.0031138280225055503	-0.0031138280225055754
80.70000000006348	0.013553957423600308	-0.013553957423600316	0.003113825214305387	-0.003113825214305428
80.8000000000635	0.01355396633119425	-0.013553966331194264	0.0031138283078990946	-0.003113828307899154
80.90000000006353	0.013553980050126787	-0.013553980050126806	0.0031138391610988224	-0.003113839161098892
81.00000000006355	0.013553996714598093	-0.013553996714598116	0.0031138562442499787	-0.0031138562442500494
81.10000000006357	0.013554012895220385	-0.013554012895220405	0.0031138751675646643	-0.003113875167564731
81.2000000000636	0.013554024910208655	-0.01355402491020867	0.003113890283671541	-0.0031138902836715977
81.30000000006362	0.013554030261817838	-0.013554030261817849	0.003113896749624324	-0.003113896749624366
81.40000000006364	0.01355402861068532	-0.013554028610685326	0.0031138922648682914	-0.003113892264868315
81.50000000006366	0.013554021887179472	-0.013554021887179479	0.0031138778362970305	-0.003113877836297039
81.60000000006369	0.01355401349406844	-0.013554013494068444	0.003113857301992571	-0.0031138573019925623
81.70000000006371	0.01355400692889697	-0.013554006928896972	0.0031138358203731237	-0.0031138358203731003
81.80000000006373	0.013554004389837527	-0.013554004389837527	0.003113817916656266	-0.0031138179166562275
81.90000000006376	0.013554005928088402	-0.013554005928088406	0.0031138058286611257	-0.0031138058286610776
82.00000000006378	0.013554009476927576	-0.013554009476927581	0.0031137987587862505	-0.003113798758786202
82.1000000000638	0.013554011723939658	-0.013554011723939663	0.00311379327953865	-0.0031137932795386124
82.20000000006382	0.013554009452814288	-0.013554009452814297	0.0031137847008291704	-0.00311378470082915
82.30000000006385	0.013554000804306294	-0.013554000804306304	0.0031137688574037602	-0.003113768857403763
82.40000000006387	0.013553985959428683	-0.013553985959428694	0.003113743641802362	-0.00311374364180239
82.50000000006389	0.013553967000372555	-0.013553967000372572	0.00311370973160695	-0.0031137097316070025
82.60000000006391	0.01355394704367561	-0.013553947043675636	0.0031136702805930673	-0.0031136702805931366
82.70000000006394	0.013553929023324168	-0.0135539290233242	0.0031136297324091226	-0.0031136297324092037
82.80000000006396	0.013553914617167477	-0.013553914617167505	0.0031135922256354445	-0.003113592225635531
82.90000000006398	0.013553903722064033	-0.013553903722064052	0.003113560181868505	-0.003113560181868593
83.000000000064	0.013553894640915685	-0.013553894640915696	0.0031135335709741286	-0.0031135335709742127
83.10000000006403	0.013553884856631641	-0.013553884856631638	0.0031135100792593884	-0.003113510079259466
83.20000000006405	0.013553872052481875	-0.013553872052481855	0.003113486074353696	-0.0031134860743537605
83.30000000006407	0.013553854974173335	-0.013553854974173298	0.0031134579869757316	-0.003113457986975784
83.4000000000641	0.013553833827107013	-0.013553833827106959	0.0031134236063326054	-0.0031134236063326457
83.50000000006412	0.013553810107614793	-0.013553810107614724	0.0031133828447279933	-0.003113382844728023
83.60000000006414	0.013553785987994624	-0.013553785987994548	0.003113337734625076	-0.0031133377346251015
83.70000000006416	0.013553763525006405	-0.013553763525006321	0.003113291696516781	-0.003113291696516806
83.80000000006419	0.013553743992337431	-0.013553743992337344	0.0031132483610990173	-0.003113248361099042
83.90000000006421	0.0135537275544558	-0.013553727554455714	0.0031132103648724195	-0.003113210364872444
84.00000000006423	0.01355371335036714	-0.013553713350367057	0.003113178527007814	-0.003113178527007838
84.10000000006426	0.013553699906261743	-0.013553699906261667	0.0031131516699954803	-0.0031131516699955024
84.20000000006428	0.01355368569946794	-0.01355368569946788	0.0031131271220289788	-0.003113127122028997
84.3000000000643	0.013553669675816792	-0.013553669675816747	0.003113101711559576	-0.003113101711559594
84.40000000006432	0.01355365156903136	-0.013553651569031329	0.0031130729069905197	-0.003113072906990533
84.50000000006435	0.013553631953489858	-0.01355363195348984	0.003113039714878569	-0.0031130397148785805
84.60000000006437	0.013553612046410549	-0.013553612046410538	0.0031130030377357165	-0.003113003037735729
84.70000000006439	0.013553593338267852	-0.013553593338267845	0.00311296537708017	-0.003112965377080189
84.80000000006441	0.013553577162465295	-0.013553577162465288	0.0031129299881975164	-0.003112929988197542
84.90000000006444	0.013553564319673398	-0.013553564319673387	0.0031128997780540298	-0.0031128997780540597
85.00000000006446	0.013553554854935907	-0.013553554854935892	0.003112876325648128	-0.0031128763256481596
85.10000000006448	0.013553548050610913	-0.013553548050610894	0.00311285936405767	-0.0031128593640577028
85.2000000000645	0.013553542647373084	-0.013553542647373065	0.0031128469065268196	-0.003112846906526859
85.30000000006453	0.013553537243685855	-0.013553537243685833	0.0031128359760969663	-0.003112835976097011
85.40000000006455	0.013553530764072674	-0.013553530764072647	0.00311282368515785	-0.0031128236851579003
85.50000000006457	0.013553522848707533	-0.013553522848707505	0.0031128082832352286	-0.0031128082832352928
85.6000000000646	0.013553514022414044	-0.013553514022414016	0.0031127897966835103	-0.0031127897966835836
85.70000000006462	0.013553505560080654	-0.013553505560080628	0.0031127700250784657	-0.003112770025078543
85.80000000006464	0.013553499066834312	-0.013553499066834286	0.0031127518889649164	-0.0031127518889649923
85.90000000006467	0.013553495902064066	-0.013553495902064039	0.0031127383605495944	-0.00311273836054967
86.00000000006469	0.013553496651854957	-0.013553496651854933	0.0031127313654933093	-0.0031127313654933874
86.10000000006471	0.013553500857011536	-0.013553500857011508	0.003112731059675101	-0.0031127310596751868
86.20000000006473	0.013553507122177526	-0.013553507122177502	0.0031127357503499546	-0.003112735750350051
86.30000000006476	0.013553513589786759	-0.013553513589786736	0.003112742493879276	-0.0031127424938793835
86.40000000006478	0.013553518614404984	-0.013553518614404961	0.0031127481499726123	-0.0031127481499727276
86.5000000000648	0.01355352138081508	-0.013553521380815057	0.0031127505006171697	-0.0031127505006172907
86.60000000006482	0.01355352221681773	-0.013553522216817711	0.0031127490169131104	-0.0031127490169132236
86.70000000006485	0.01355352246318638	-0.01355352246318636	0.0031127449896520315	-0.0031127449896521313
86.80000000006487	0.01355352393776362	-0.013553523937763597	0.00311274097980245	-0.003112740979802533
86.90000000006489	0.013553528197749036	-0.01355352819774901	0.003112739801337138	-0.003112739801337201
87.00000000006492	0.01355353589278393	-0.013553535892783899	0.0031127434229393782	-0.003112743422939421
87.10000000006494	0.013553546471161537	-0.0135535464711615	0.003112752200904238	-0.003112752200904263
87.20000000006496	0.013553558361642412	-0.013553558361642374	0.003112764724584156	-0.0031127647245841683
87.30000000006498	0.013553569560393107	-0.013553569560393068	0.003112778320226221	-0.0031127783202262236
87.400000000065	0.013553578386834372	-0.013553578386834337	0.003112790010807703	-0.0031127900108077022
87.50000000006503	0.013553584103543338	-0.013553584103543308	0.003112797563486401	-0.003112797563486402
87.60000000006505	0.013553587152851486	-0.013553587152851461	0.0031128002337111483	-0.0031128002337111526
87.70000000006507	0.013553588921899654	-0.013553588921899637	0.003112798940327713	-0.003112798940327721
87.8000000000651	0.013553591141149849	-0.013553591141149839	0.0031127958268379148	-0.0031127958268379313
87.90000000006512	0.013553595167514955	-0.013553595167514951	0.003112793393381609	-0.003112793393381624
88.00000000006514	0.013553601442455288	-0.013553601442455286	0.0031127935352774933	-0.0031127935352775102
88.10000000006517	0.01355360933426047	-0.013553609334260475	0.003112796843820891	-0.0031127968438209083
88.20000000006519	0.013553617410050544	-0.013553617410050551	0.003112802412436684	-0.0031128024124367007
88.30000000006521	0.013553624007976044	-0.013553624007976052	0.0031128081949784074	-0.003112808194978427
88.40000000006523	0.013553627866682292	-0.013553627866682301	0.0031128117601599468	-0.003112811760159968
88.50000000006526	0.013553628560962512	-0.01355362856096252	0.003112811151623554	-0.0031128111516235783
88.60000000006528	0.013553626586758726	-0.01355362658675874	0.0031128055416315913	-0.003112805541631614
88.7000000000653	0.01355362308965074	-0.013553623089650765	0.0031127954579743787	-0.0031127954579743943
88.80000000006532	0.013553619372411953	-0.013553619372411986	0.0031127825275601632	-0.0031127825275601715
88.90000000006535	0.013553616391812354	-0.013553616391812396	0.0031127688527875057	-0.0031127688527875035
89.00000000006537	0.013553614438053528	-0.013553614438053576	0.003112756256935614	-0.0031127562569355964
89.10000000006539	0.013553613097961749	-0.013553613097961803	0.003112745664981062	-0.0031127456649810343
89.20000000006542	0.013553611481267309	-0.01355361148126737	0.0031127368234958393	-0.0031127368234958068
89.30000000006544	0.013553608591204216	-0.013553608591204275	0.0031127284364886165	-0.0031127284364885865
89.40000000006546	0.013553603683137674	-0.013553603683137733	0.003112718650672931	-0.0031127186506729053
89.50000000006548	0.013553596484452438	-0.013553596484452498	0.003112705711912671	-0.0031127057119126607
89.6000000000655	0.013553587222707088	-0.013553587222707147	0.0031126885679015827	-0.0031126885679015888
89.70000000006553	0.013553576489094877	-0.01355357648909493	0.0031126672203371643	-0.0031126672203371846
89.80000000006555	0.013553565016578022	-0.013553565016578069	0.0031126427189997934	-0.0031126427189998294
89.90000000006557	0.013553553461398376	-0.013553553461398419	0.003112616809176171	-0.0031126168091762177
90.0000000000656	0.013553542250138549	-0.013553542250138589	0.0031125913550848388	-0.0031125913550848986
90.10000000006562	0.013553531513946518	-0.013553531513946556	0.0031125677319907086	-0.0031125677319907784
90.20000000006564	0.013553521099649633	-0.013553521099649671	0.0031125463882112963	-0.003112546388211374
90.30000000006567	0.013553510635776374	-0.013553510635776417	0.0031125267229821195	-0.0031125267229821954
90.40000000006569	0.013553499636194871	-0.013553499636194918	0.0031125073235841096	-0.0031125073235841747
90.50000000006571	0.01355348763142196	-0.013553487631422013	0.0031124864862975992	-0.0031124864862976487
90.60000000006573	0.013553474314813152	-0.013553474314813217	0.0031124628481504126	-0.003112462848150443
90.70000000006576	0.013553459675465743	-0.013553459675465816	0.003112435913159124	-0.0031124359131591323
90.80000000006578	0.013553444072352382	-0.01355344407235246	0.0031124062855002847	-0.0031124062855002713
90.9000000000658	0.013553428202144916	-0.013553428202144996	0.0031123755175117896	-0.0031123755175117593
91.00000000006582	0.013553412938574743	-0.013553412938574816	0.003112345613609324	-0.003112345613609279
91.10000000006585	0.013553399071170726	-0.01355339907117079	0.0031123183570418793	-0.0031123183570418286
91.20000000006587	0.013553387025894918	-0.01355338702589497	0.0031122946985175804	-0.00311229469851753
91.30000000006589	0.013553376680690312	-0.013553376680690348	0.0031122744336683165	-0.0031122744336682727
91.40000000006592	0.013553367372380377	-0.013553367372380401	0.003112256298882338	-0.0031122562988823094
91.50000000006594	0.013553358124940296	-0.013553358124940311	0.003112238463578212	-0.003112238463578203
91.60000000006596	0.013553348035547705	-0.013553348035547726	0.0031122192461524125	-0.0031122192461524247
91.70000000006598	0.01355333667459014	-0.013553336674590166	0.0031121977888936233	-0.0031121977888936498
91.800000000066	0.013553324329474857	-0.01355332432947489	0.003112174433127286	-0.003112174433127326
91.90000000006603	0.013553311969797793	-0.013553311969797836	0.0031121506424198002	-0.0031121506424198458
92.00000000006605	0.013553300920412431	-0.013553300920412485	0.0031121284916833286	-0.0031121284916833633
92.10000000006607	0.013553292355876063	-0.013553292355876118	0.003112109909086739	-0.0031121099090867647
92.2000000000661	0.013553286818302606	-0.013553286818302665	0.003112095958769438	-0.003112095958769453
92.30000000006612	0.013553283966931545	-0.013553283966931605	0.0031120864429302775	-0.0031120864429302836
92.40000000006614	0.013553282682009338	-0.013553282682009395	0.0031120799822792434	-0.003112079982279247
92.50000000006617	0.013553281499553503	-0.013553281499553553	0.0031120745488804843	-0.003112074548880491
92.60000000006619	0.013553279208620555	-0.013553279208620594	0.003112068247524935	-0.003112068247524948
92.70000000006621	0.013553275363603338	-0.013553275363603361	0.003112060042254332	-0.0031120600422543526
92.80000000006623	0.01355327048956067	-0.013553270489560674	0.0031120501445028492	-0.0031120501445028805
92.90000000006626	0.013553265882298897	-0.013553265882298887	0.0031120399118372516	-0.0031120399118372897
93.00000000006628	0.013553263076271265	-0.01355326307627125	0.0031120312991018873	-0.003112031299101929
93.1000000000663	0.013553263198494491	-0.013553263198494474	0.003112026079800441	-0.0031120260798004847
93.20000000006632	0.01355326648093693	-0.013553266480936918	0.003112025144270872	-0.003112025144270918
93.30000000006635	0.013553272141032755	-0.013553272141032753	0.0031120281475570523	-0.0031120281475570956
93.40000000006637	0.0135532786851664	-0.013553278685166413	0.0031120336384398446	-0.0031120336384398858
93.5000000000664	0.013553284509353523	-0.013553284509353558	0.003112039609833489	-0.00311203960983353
93.60000000006642	0.013553288543497969	-0.013553288543498021	0.0031120442469321514	-0.003112044246932186
93.70000000006644	0.013553290666697825	-0.013553290666697894	0.0031120465778834154	-0.003112046577883437
93.80000000006646	0.01355329171971995	-0.013553291719720027	0.00311204677856868	-0.003112046778568689
93.90000000006648	0.013553293113947528	-0.01355329311394761	0.0031120460261831397	-0.0031120460261831397
94.0000000000665	0.01355329620817411	-0.013553296208174187	0.003112045975669558	-0.0031120459756695494
94.10000000006653	0.013553301720825377	-0.01355330172082545	0.0031120480762330755	-0.003112048076233061
94.20000000006655	0.013553309424742983	-0.013553309424743046	0.0031120529971000164	-0.0031120529971000034
94.30000000006658	0.013553318245405222	-0.013553318245405272	0.0031120603762123827	-0.003112060376212376
94.4000000000666	0.013553326708373205	-0.013553326708373246	0.003112068970058231	-0.0031120689700582364
94.50000000006662	0.013553333535008635	-0.013553333535008668	0.0031120771249709823	-0.0031120771249709992
94.60000000006664	0.013553338129960438	-0.01355333812996046	0.0031120833730097644	-0.0031120833730097918
94.70000000006667	0.013553340760675185	-0.013553340760675199	0.003112086921788704	-0.0031120869217887387
94.80000000006669	0.013553342369458661	-0.013553342369458668	0.0031120878642933564	-0.0031120878642933963
94.90000000006671	0.013553344118012114	-0.01355334411801212	0.0031120870528041937	-0.0031120870528042344
95.00000000006673	0.013553346872666927	-0.013553346872666933	0.003112085710060084	-0.0031120857100601232
95.10000000006676	0.013553350851071462	-0.013553350851071469	0.0031120849406648067	-0.003112084940664844
95.20000000006678	0.013553355567504703	-0.013553355567504708	0.0031120853264767524	-0.0031120853264767845
95.3000000000668	0.013553360076442377	-0.013553360076442382	0.003112086741056159	-0.0031120867410561913
95.40000000006683	0.013553363386208626	-0.01355336338620863	0.00311208842630708	-0.0031120884263071114
95.50000000006685	0.01355336485213867	-0.013553364852138674	0.0031120892783264103	-0.0031120892783264415
95.60000000006687	0.013553364384605544	-0.013553364384605545	0.0031120882243594835	-0.003112088224359516
95.7000000000669	0.013553362403330157	-0.013553362403330153	0.0031120845571023857	-0.003112084557102422
95.80000000006692	0.013553359587039154	-0.013553359587039149	0.0031120781238609943	-0.0031120781238610368
95.90000000006694	0.01355335655196806	-0.013553356551968047	0.0031120693275800593	-0.0031120693275801027
96.00000000006696	0.013553353608523977	-0.01355335360852396	0.0031120589598458096	-0.003112058959845857
96.10000000006698	0.013553350691696735	-0.013553350691696713	0.00311204793236863	-0.0031120479323686755
96.200000000067	0.013553347469108643	-0.013553347469108613	0.0031120369933157264	-0.003112036993315773
96.30000000006703	0.013553343547776594	-0.013553343547776561	0.003112026508981756	-0.0031120265089817985
96.40000000006705	0.013553338665409127	-0.013553338665409096	0.0031120163670230135	-0.003112016367023055
96.50000000006708	0.013553332776776087	-0.013553332776776061	0.003112006023672473	-0.003112006023672512
96.6000000000671	0.01355332601221579	-0.013553326012215766	0.0031119946811605215	-0.003111994681160554
96.70000000006712	0.013553318555970958	-0.013553318555970936	0.00311198154837693	-0.003111981548376951
96.80000000006714	0.013553310529656755	-0.013553310529656738	0.003111966112999333	-0.0031119661129993446
96.90000000006717	0.013553301953161071	-0.01355330195316106	0.0031119483434513856	-0.0031119483434513874
97.00000000006719	0.013553292801796827	-0.013553292801796821	0.003111928750619424	-0.0031119287506194185
97.10000000006721	0.013553283116131546	-0.013553283116131541	0.0031119082748305095	-0.0031119082748304917
97.20000000006723	0.013553273085324172	-0.013553273085324169	0.0031118880176328424	-0.003111888017632814
97.30000000006726	0.013553263036677431	-0.01355326303667743	0.0031118688952290886	-0.0031118688952290583
97.40000000006728	0.01355325331793936	-0.013553253317939355	0.003111851329582987	-0.0031118513295829505
97.5000000000673	0.01355324412556993	-0.01355324412556992	0.003111835094736856	-0.0031118350947368155
97.60000000006733	0.013553235374235563	-0.01355323537423555	0.003111819391801779	-0.0031118193918017404
97.70000000006735	0.013553226694276999	-0.013553226694276983	0.003111803146499983	-0.0031118031464999404
97.80000000006737	0.013553217584930829	-0.013553217584930811	0.0031117854353391624	-0.0031117854353391217
97.9000000000674	0.013553207669167058	-0.013553207669167044	0.003111765885805691	-0.003111765885805657
98.00000000006742	0.013553196933071653	-0.01355319693307164	0.0031117448912212783	-0.003111744891221248
98.10000000006744	0.013553185824053713	-0.013553185824053697	0.003111723540705676	-0.003111723540705654
98.20000000006746	0.013553175137694513	-0.013553175137694495	0.0031117032709313736	-0.0031117032709313615
98.30000000006748	0.013553165720489299	-0.013553165720489277	0.003111685359102785	-0.0031116853591027778
98.40000000006751	0.013553158109730594	-0.013553158109730568	0.003111670449229575	-0.003111670449229567
98.50000000006753	0.013553152275218324	-0.013553152275218293	0.0031116583026787083	-0.0031116583026786974
98.60000000006755	0.013553147594767626	-0.013553147594767584	0.0031116478842667552	-0.0031116478842667383
98.70000000006758	0.013553143096530253	-0.01355314309653021	0.003111637764917825	-0.0031116377649177997
98.8000000000676	0.013553137878670895	-0.01355313787867085	0.003111626692507325	-0.0031116266925072904
98.90000000006762	0.01355313152768423	-0.013553131527684191	0.003111614107908263	-0.003111614107908221
99.00000000006764	0.013553124344885776	-0.013553124344885745	0.003111600397090904	-0.003111600397090863
99.10000000006767	0.013553117266438828	-0.013553117266438798	0.0031115867703373863	-0.0031115867703373525
99.20000000006769	0.013553111495160423	-0.013553111495160393	0.0031115748077807396	-0.003111574807780718
99.30000000006771	0.01355310799368655	-0.013553107993686518	0.0031115658466802343	-0.0031115658466802252
99.40000000006773	0.013553107057949041	-0.013553107057949007	0.0031115604534375798	-0.003111560453437585
99.50000000006776	0.013553108163092959	-0.013553108163092924	0.003111558192927283	-0.003111558192927299
99.60000000006778	0.013553110159627728	-0.01355311015962769	0.0031115577901168314	-0.003111557790116862
99.7000000000678	0.013553111744677602	-0.013553111744677564	0.0031115576214790198	-0.003111557621479056
99.80000000006783	0.013553112009510811	-0.013553112009510775	0.003111556340715724	-0.003111556340715763
99.90000000006785	0.013553110826319537	-0.013553110826319506	0.00311155338945816	-0.0031115533894581944
